2025 Progressive Rock Albums,,Releases:,869,"Sort by Artist, Vocal Style, or Genre:
Data -> Filter views... -> ...
Or create your own Filter View:
Data -> Filter views... -> Create a new filter view","Collaborators: 
iAmTheEpicOne
         FranticDav | Faceless_Aeons
  Vortexpro000 | theSmilingCow
   PyroL | Fayiron
Unsinful | allmediareviews",,,Images & Words: The Prog Discord,,,
,,LPs:,803,,,,,,,,
,,EPs:,67,,,,,,,,
,,Debuts:,79,,,,,,,,
,,Reissue/Special:,18,,,,,,,,
Artist,Album,Release Date,Length,Genre / Subgenres,Vocal Style,Country / State,Bandcamp,Spotify,YouTube,Amazon,Apple Music
Atomiste,This Is Beyond All Of Us,January 1,LP,Experimental Big Band,Instrumental,"Cannes, France",BC,S,,,
Duncan Patterson,In Spirit,January 1,LP,"Ethereal Wave, Neoclassical Darkwave",Clean,"Liverpool, UK",BC,,,,
Imperial Measures,The Promise of Morning,January 1,LP,Prog-rock,Clean,UK / US,BC,S,,,
Zach Phillips,True Music,January 1,LP,"Art Pop, Progressive Pop, Jazz Fusion",Clean,"Brooklyn, NY",BC,S,,,
newhaven,The Timeskip EP,January 1,EP,"Post-Hardcore, Pop-Rock, Hip-Hop",Mixed,"Texas, United States",,S,,,
Rolf Zero,Poseidon,January 1,LP,Prog-rock,Instrumental,"Brisbane, Australia",BC,S,,,
Along These Lights,To Be Between the Devil and the Deep Blue Sea,January 1,LP,"Pop Punk, Emo",Clean,"Salt Lake City, UT",BC,S,,,
Jupiter's Eye,Again,January 2,LP,Classic rock,Clean,"Chagrin Falls, OH",BC,S,,,
Zweihandr,Zwei,January 2,LP,Hyperpop,Clean,United States,BC,S,,,
Reptile King,Goddess over Darkness and Light,January 2,LP,"Prog-rock, Symphonic Prog, Electronic",Clean,"Eupen, Belgium",BC,,,,
Copperplate,Ars Poetica,January 3,LP,Dream Pop,Clean,"Marietta, GA",BC,,,,
Spectra,Places We Only Dream Of,January 3,LP,Prog-rock,Instrumental,"Hamilton, Canada",BC,S,,,
Crochet,Cherish,January 3,LP,"Screamo, Math rock",Harsh,"Las Vegas, NV",BC,S,,,
Cruces,Spite,January 3,LP,"Stoner rock, Heavy Psych",Clean,"Pittsburgh, PA",BC,S,,,
Emby Alexander,Always Laughing All The Time,January 4,LP,Experimental Pop,Clean,"Phoenix, AZ",BC,S,,,
Ethel Cain,Perverts,January 8,LP,"Slowcore, Dream Pop",Clean,"Tallahassee, Florida",BC,S,,,
James Dorsett,Seasons,January 9,EP,"Prog-rock, Post-rock",Instrumental,"Cambridge, UK",BC,S,,,
Asthma Choir,Scream Of The Ice Cube,January 9,LP,"Prog-rock, Math rock, Art rock",Clean,"Berlin, Germany",BC,S,,,
Heart's Desire,Heart's Desire,January 10,LP,Blues rock,Clean,"Toronto, Canada",BC,,,,
Children of the Sün,"Leaving Ground, Greet The End",January 10,LP,"Psychedelic rock, Hard rock, Folk rock",Clean,"Arvika, Sweden",BC,S,,,
Cave In,Jupiter (25th Anniversary Reissue),January 10,LP,"Alt-rock, Post-Hardcore",Clean,"Methuen, MA",BC,,,,
Will Mason Quartet,"Hemlocks, Peacocks",January 10,LP,"Experimental Big Band, Jazz",Instrumental,"New York, United States",BC,S,,,
Krokofant,6,January 10,LP,"Prog-rock, Jazz rock, Fusion",Instrumental,Norway,BC,S,,,
Haunted Horses,Dweller,January 10,LP,"Noise rock, Industrial Punk",Clean,"Seattle, WA",BC,S,,,
Hanry,Disruption,January 10,EP,"Post-rock, Ambient",Instrumental,"Rennes, France",BC,S,YT,,
Denude,A Murmuration of Capitalist Bees,January 10,LP,"Noise rock, Math rock",Clean,"Milwaukee, WI",BC,S,,,
Heet Deth,Bad Reading,January 10,LP,Noise rock,Clean,"Chicago, IL",BC,S,,,
Lambrini Girls,Who Let The Dogs Out,January 10,LP,Garage Punk,Clean,"Brighton, UK",BC,S,YT,,
Hinterlandt,Delightful Days,January 10,LP,Chamber Pop,Clean,"Sydney, Australia",BC,S,,,
Sun & Rain,Waterfall,January 10,LP,"Free Jazz, Nu Jazz",Instrumental,"Harrisburg, PA",BC,S,,,
Psychic Wars,Takers,January 10,EP,"Post-Punk, Heavy Psych",Clean,"Collingswood, NJ",BC,S,,,
Franz Ferdinand,The Human Fear,January 10,LP,"Post-Punk Revival, Dance-Punk, Indie rock",Clean,"Glasgow, Scotland",BC,S,,,
wthAura,Class,January 10,LP,"Prog-rock, Math rock",Instrumental,"Philadelphia, PA",BC,S,,,
Girl In Heat,Acid House of Representatives,January 11,LP,"Industrial rock, Electropunk, Nu-metal",Mixed,"Wichita, KS",BC,,,,
Toru,Velours D​é​vorant,January 14,LP,"Experimental rock, Noise rock, Free Improv",Instrumental,France,BC,,,,
Blue Heron Holy Ghost,Shining Through,January 14,LP,"Alt-rock, Shoegaze, Grunge",Clean,"Tennessee, TN",BC,S,,,
Abandons,Liminal Heart,January 15,LP,Post-rock,Instrumental,"Denver, CO",BC,S,,,
Cicada,The Revisit: 15th Anniversary Live at Cloud Gate Theater,January 15,LP,"Post-rock, Classical, Chamber",Instrumental,Taiwan,BC,,,,
Molchat Doma,Live at Panorama Hotel,January 15,EP,"Darkwave, Coldwave, Synthpop",Clean,"Minsk, Belarus",BC,S,YT,,
Nrthrn,LITHIUM,January 15,LP,"Prog-rock, Post-rock",Instrumental,"Montreal, Canada",BC,S,,,
Some Fear,Some Fear,January 16,LP,"Slowcore, Indie rock",Clean,"Oklahoma City, OK",BC,S,,,
Antimatter,Parallel Matter (Rarities 2001-24),January 17,LP,"Prog-rock, Art rock",Clean,"Liverpool, UK",,S,,,
Steve Hackett,Live Magic At Trading Boundaries,January 17,LP,Prog-rock,Clean,"Twickenham, UK",BC,S,,,
Marlaena Moore,Because You Love Everything,January 17,LP,"Indie Rock, Alternative Rock",Clean,"Montreal, Canada",BC,S,,,
little oso,How Lucky To Be Somebody,January 17,LP,Dream Pop,Clean,"Portland, ME",BC,S,,,
Previte Chandler,Previte Chandler,January 17,LP,"Avant-rock, Neo-Psychedelia",Instrumental,"New York, NY",BC,,,,
Soft Vein,Through Blinds,January 17,LP,Darkwave,Clean,"California, CA",BC,S,YT,,
The Weather Station,Humanblood,January 17,LP,"Singer-Songwriter, Indie Folk",Clean,"Toronto, Canada",BC,S,,,
Sophie Jamieson,I Still Want to Share,January 17,LP,"Singer-Songwriter, Indie Folk",Clean,"London, UK",BC,S,,,
Dunes,Land of the Blind,January 17,LP,Stoner rock,Clean,"Newcastle, UK",BC,S,,,
Time Rift,In Flight,January 17,LP,Hard rock,Clean,"Beaverton, OR",BC,S,,,
Blood Lemon,Petite Deaths,January 17,EP,"Stoner rock, Indie rock",Clean,"Boise, ID",BC,S,,,
TFNRSH,Book of Circles,January 17,LP,"Prog-rock, Psychedelic rock",Instrumental,"Tübingen, Germany",BC,S,,,
Prism Shores,Out From Underneath,January 17,LP,"Dream Pop, Indie Pop",Clean,"Montreal, Canada",BC,S,,,
Melissa Mary Ahern,Kerosene,January 17,LP,"Singer-Songwriter, Indie rock",Clean,"Brooklyn, NY",BC,S,,,
Kratzen,III,January 17,LP,"Post-Punk, Krautrock, New Wave",Instru./Clean,"Cologne, Germany",BC,S,,,
Pigeon Pit,Crazy Arms,January 17,LP,"Pop Punk, Folk Pop",Clean,"Olympia, WA",BC,S,,,
Legendary Pink Dots,So Lonely In Heaven,January 17,LP,"Experimental rock, Neo-Psychedelia, Electronic",Clean,"Nijmegen, Netherlands",BC,S,,,
House of Terror,Transmission Lost,January 17,LP,"Prog-rock, Psychedelic rock, Electronic",Instrumental,"Berlin, Germany",BC,S,,,
Crypto Knight,A Traveller's Tale,January 17,LP,"Prog-rock, Neo-Prog",Clean,UK / US,BC,S,,,
Lots of Hands,Into A Pretty Room,January 17,LP,"Bedroom Pop, Slacker rock",Clean,"Leeds, UK",BC,S,YT,,
Godzillionaire,Diminishing Returns,January 17,LP,"Stoner rock, Grunge",Clean,"Lawrence, KS",BC,S,,,
Decultivate,Decultivate,January 17,LP,Hardcore Punk,Harsh,"Prague, Czechia",BC,S,,,
Vestamaran,A Touch Of Class,January 17,LP,"Alt-rock, Indie rock",Clean,"Bergen, Norway",BC,S,,,
Thus Live Humans,Art D​é​co I,January 18,LP,"Prog-rock, Hard rock, Blues",Clean,"Toulon, France",BC,,,,
World Coda,Before Eclipse III,January 19,EP,"Post-rock, Gothic rock, Shoegaze",Clean,"London, UK",BC,S,,,
Delobos,Cabal,January 20,LP,"Post-rock, Alt-rock, Grunge",Clean,"Madrid, Spain",BC,S,,,
Spare Skin,Spare Skin,January 20,EP,Post-Punk,Clean,"Paris, France",BC,S,,,
Dubhessa,Solace,January 20,LP,"Post-Punk, Darkwave",Clean,"Melbourne, Australia",BC,S,,,
Razorface,Razorface,January 23,EP,"Hardcore Punk, Crust",Harsh,"Buffalo, NY",BC,,,,
Last Earthfall,Bad Guys in Good Guises,January 24,LP,"Prog-rock, Alt-Country, Grunge",Clean,Australia,BC,S,,,
FKA twigs,Eusexua,January 24,LP,"Art Pop, Alternative R&B, Electronic Dance Music",Clean,"London, UK",,S,,,
Avatarium,"Between You, God, the Devil and the Dead",January 24,LP,"Stoner rock, Doom metal, Heavy Psych",Clean,"Stockholm, Sweden",,S,,,
Larkin Poe,Bloom,January 24,LP,"Blues rock, Roots rock",Clean,"Atlanta, GA",,S,,,
Riverside,Live ID.,January 24,LP,Prog-rock,Clean,"Warszawa, Poland",BC,S,,,
Ghais Guevara,Goyard Ibn Said,January 24,LP,Experimental Hip-Hop,Clean,"Philadelphia, PA",BC,S,,,
Mogwai,The Bad Fire,January 24,LP,"Post-rock, Indietronica",Instru./Clean,"Glasgow, Scotland",BC,S,,,
Marathon Runner,I Dream a Highway,January 24,LP,"Dream Pop, Shoegaze",Clean,"Austin, TX",BC,S,,,
High.,Come Back Down,January 24,EP,"Alt-rock, Nu-gaze",Clean,"Boonton, NJ",BC,S,,,
Kathryn Mohr,Waiting Room,January 24,LP,"Experimental Pop, Psychedelic Folk",Clean,"California, CA",BC,S,YT,,
Wardruna,Birna,January 24,LP,"Nordic Folk, Dark Folk, Pagan",Clean,"Bergen, Norway",,S,,,
Tokyo Tea Room,No Rush,January 24,LP,Dream Pop,Clean,"Canterbury, UK",BC,S,,,
Lou-Adriane Cassidy,Journal d'un Loup​-​Garou,January 24,LP,"Indie Pop, Pop rock, Chanson",Clean,"Montreal, Canada",BC,S,,,
Rose City Band,Sol Y Sombra,January 24,LP,"Country rock, Neo-Psychedelia",Clean,"Portland, OR",BC,S,,,
DITZ,Never Exhale,January 24,LP,Post-Punk,Clean,"Brighton, UK",BC,S,,,
Heisskalt,Vom Tun Und Lassen,January 24,LP,"Post-Hardcore, Indie rock",Clean,"Sindelfingen, Germany",,S,,,
Goblyn,Stray,January 24,LP,Post-Punk,Clean,Germany,BC,S,,,
Taffy,Lull,January 24,LP,Indie Pop,Clean,"Tokyo, Japan",BC,S,,,
Weaklung,All Problems No Solutions,January 24,LP,"Post-Punk, Noise rock",Clean,"Chicago, IL",BC,S,,,
Knogjärn,BLY,January 24,LP,Hard rock,Clean,Sweden,BC,S,,,
Chris Eckman,The Land We Knew the Best,January 24,LP,"Singer-Songwriter, Alt-Country, Americana",Clean,"Ljubljana, Slovenia",BC,S,,,
Untold Stories,Wind and Memories,January 24,LP,Prog-rock,Clean,"Sofia, Bulgaria",BC,S,,,
Anna B Savage,You & i are Earth,January 24,LP,"Singer-Songwriter, Art Pop",Clean,"London, UK",BC,S,YT,,
Charm School,Debt Forever,January 24,LP,Post-Punk,Clean,"Louisville, KY",BC,S,,,
Open Head,What Is Success,January 24,LP,"Experimental rock, Post-Punk",Clean,"Kingston, NY",BC,S,,,
Kadi Vija 3,Freedom,January 24,LP,Vocal Jazz,Clean,"Helsinki, Finland",BC,S,,,
Dax Riggs,7 Songs For Spiders,January 24,LP,"Blues rock, Swamp rock",Clean,"Lafayette, LA",BC,S,,,
Them Flying Monkeys,Best Behavior,January 24,LP,Post-Punk,Clean,"Lisboa, Portugal",BC,S,,,
Messier 13,Stay For A While,January 24,LP,"Dream Pop, Slowcore, Shoegaze",Clean,"Athens, Greece",BC,S,,,
Yuragi,In Your Languages,January 24,LP,"Indie rock, Dream Pop, Shoegaze",Clean,"Shiga, Japan",BC,S,,,
Altareon,Source,January 27,LP,"Prog-rock, Alt-rock",Clean,"Thunder Bay, Canada",BC,S,,,
Supercollider,The Heart Beating as None,January 27,LP,"Experimental rock, Noise Pop",Clean,"Grand Rapids, MI",BC,S,,,
True Primitives,Rise,January 30,LP,"Alt-rock, Post-Punk, Shoegaze",Clean,"Portland, OR",BC,S,,,
Kim Wilde,Closer,January 31,LP,"Dance-Pop, Synthpop",Clean,"London, UK",BC,S,,,
Cymande,Renascence,January 31,LP,"Psychedelic Soul, Funk, Reggae",Clean,"London, UK",,S,,,
N NAO,Nouveau Langage,January 31,LP,"Experimental Pop, Dream Pop",Clean,"Montreal, Canada",BC,S,,,
Jonathan Hultén,Eyes Of The Living Night,January 31,LP,"Singer-Songwriter, Dark Folk",Clean,"Arvika, Sweden",BC,S,,,
Jaye Jayle,After Alter,January 31,LP,"Experimental Pop, Darkwave",Clean,"Louisville, KY",BC,S,YT,,
Decadesthétique,Mannequin,January 31,LP,"Synthpop, Shoegaze",Clean,"Utrecht, Netherlands",BC,,YT,,
The Night Flight Orchestra,Give Us The Moon,January 31,LP,"Hard rock, AOR",Clean,Sweden,BC,S,,,
Zangoma,Faka Mulilo,January 31,LP,"Psychedelic rock, Funk rock",Clean,"Tampere, Finland",BC,S,,,
Von Waeldten,Ins Licht,January 31,LP,"Neofolk, Dark Folk",Clean,Germany,BC,S,YT,,
moe.,Circle of Giants,January 31,LP,"Alt-rock, Jam Band",Clean,"Buffalo, NY",BC,S,,,
Bunnies,Horror Spectrum,January 31,LP,"Prog-rock, Psychedelic rock",Clean,"Northampton, MA",BC,,,,
Freckle,Freckle,January 31,LP,Alt-rock,Clean,"Los Angeles, CA",BC,S,,,
Bandshee,The Long Road,January 31,LP,Stoner rock,Clean,"Louisville, KY",BC,S,,,
Inventory,Sunday Tonne,January 31,EP,"Slowcore, Indie rock",Clean,"Copenhagen, Denmark",BC,S,,,
Surya,Into the Emerald,January 31,LP,"Psychedelic rock, Heavy rock, Stoner rock",Clean,"Cádiz, Spain",BC,S,,,
Tayne,LOVE,January 31,LP,"Noise Pop, Post-Industrial",Mixed,"London, UK",BC,S,,,
Lilly Hiatt,Forever,January 31,LP,"Singer-Songwriter, Alt-Country",Clean,"Nashville, TN",BC,S,,,
Kate Shortt and Alcyona Mick,Convergence & Variations,January 31,LP,"Classical, Jazz",Instrumental,UK,BC,,,,
Idol Lord,The Other Side,January 31,LP,"Stoner rock, Doom metal",Clean,"California, CA",BC,S,,,
mullholland,Reverse Painting,January 31,LP,Post-rock,Instrumental,"Brighton, UK",BC,S,,,
Laura Agnusdei,Flowers Are Blooming In Antarctica,January 31,LP,"Avant-Garde Jazz, Electroacoustic",Instrumental,"Bologna, Italy",BC,S,,,
Peacebone,Blame The Bird,January 31,EP,"Blues rock, Stoner rock",Clean,"Vevey, Switzerland",,S,,,
Lum and the Interstellar Fornicators,Extraterrestrial Wet Dream,January 31,LP,"Funk rock, Soul rock, Jazz",Clean,"Fukuoka, Japan",BC,S,,,
Baby Steps,Palace Intrigue,January 31,LP,Garage rock,Clean,"Marfa, TX",BC,S,,,
Toy Weather,Feathers in a Strange Wind,January 31,LP,Prog-rock,Clean,"Bergen, Norway",BC,S,,,
Albinobeach,Circa,January 31,EP,"Prog-rock, Post-rock",Instrumental,"Johannesburg, South Africa",BC,S,,,
Citrus Moon,Kyra,January 31,EP,"Prog-rock, Math rock",Instrumental,"Chicago, IL",BC,S,,,
The Laughing Chimes,Whispers in the Speech Machine,January 31,LP,"Jangle Pop, Post-Punk",Clean,"Athens, OH",BC,S,,,
Samsara Trip,Samsara Trip,January 31,LP,"Stoner rock, Psychedelic rock",Instrumental,"San Antonio, Chile",BC,S,,,
Pebbledash,Four Portraits of the Same Ugly House,January 31,EP,"Alt-rock, Noise rock, Dream Pop",Clean,"Cork, Ireland",BC,S,,,
Heliod,XII,January 31,LP,"Blues rock, Psychedelic rock",Clean,"Dresden, Germany",BC,S,,,
Tollheit,Guilty Pleasures,January 31,LP,Prog-rock,Clean,"Phoenix, AZ",BC,S,,,
...or Does it Explode?,Tales to Needed Outcomes,February 1,LP,"Post-rock, Indie rock, Midwest Emo",Clean,"Madison, WI",BC,S,,,
Mark Trueack,Save Us,February 1,EP,Prog-rock,Clean,"Adelaide, Australia",BC,,,,
Gayle Ellett & The Electromags,The Painted River of Light,February 1,LP,Prog-rock,Instrumental,"Topanga, CA",BC,,,,
Coral Web,In Curved Air,February 2,LP,"Electronic Pop, Indie rock, Trip Hop, Shoegaze",Clean,"Los Angeles, CA",BC,S,,,
Razor Red Noise,Scarlet,February 3,LP,"Electronic rock, Indie rock",Clean,UK,BC,S,,,
Topographies,Brutality of Fact,February 5,EP,"Post-Punk, Shoegaze",Clean,"San Francisco, CA",BC,S,,,
Atomic Fruit,Sketches of the Moon,February 6,LP,"Prog-rock, Psychedelic rock",Clean,"Berlin, Germany",BC,S,,,
Shrew,Shrew,February 7,LP,"Psychedelic rock, Blues rock, Fuzz rock",Clean,"Portland, OR",BC,S,,,
Redwood,Sky Offering,February 7,LP,"Stoner rock, Heavy Psych",Clean,"California, CA",BC,S,,,
Lilac Vegetal,The Accursed Share,February 7,LP,"Prog-rock, Stoner rock",Clean,"Vienna, Austria",BC,S,,,
Wafia,Promised Land,February 7,LP,"Contemporary R&B, Alt-Pop",Clean,"Brisbane, Australia",BC,S,,,
Pneu,Get Old Or Die Tryin,February 7,LP,"Math rock, Noise rock",Instrumental,"Tours, France",BC,S,,,
Helen Ganya,Share Your Care,February 7,LP,Art Pop,Clean,"Brighton, UK",BC,S,,,
Publicity Department,Old Master,February 7,LP,Indie Pop,Clean,"London, UK",BC,S,,,
FACS,Wish Defense,February 7,LP,Post-Punk,Clean,"Chicago, IL",BC,S,,,
Dropkick,Primary Colours,February 7,LP,"Jangle Pop, Power Pop",Clean,"Edinburgh, Scotland",BC,S,,,
Squid,Cowards,February 7,LP,"Experimental rock, Art Punk",Clean,"London, UK",BC,S,YT,,
Death By Unga Bunga,Raw Muscular Power,February 7,LP,"Garage rock, Power Pop",Clean,"Oslo, Norway",BC,S,,,
Gin Lady,Before the Dawn of Time,February 7,LP,"Prog-rock, Hard rock, Blues rock",Clean,Sweden,BC,S,,,
Tremours,Fragments,February 7,LP,"Dream Pop, Shoegaze",Clean,"Los Angeles, CA",BC,S,,,
Dyslexicon,Dracula At Sea,February 7,LP,"Prog-rock, Post-Hardcore",Clean,"Chicago, IL",BC,S,,,
Lorem Ipsum,M​ê​me quand ta main quittera la mienne,February 7,EP,"Avant-Folk, Chamber, Screamo",Mixed,"Lille, France",BC,,,,
Julia Heart,Sanctuary,February 7,LP,"Singer-Songwriter, Indie rock, Folk Pop",Clean,"Lucerne, Switzerland",BC,S,,,
Rats on Rafts,Deep Below,February 7,LP,Post-Punk,Clean,"Rotterdam, Netherlands",BC,S,,,
Here,The Totality Of Existing Things,February 7,LP,"Dream Pop, Vaporwave, Ambient",Instru./Clean,UK,BC,,,,
Oklou,Choke Enough,February 7,LP,"Alternative R&B, Art Pop",Clean,"Paris, France",BC,S,,,
Maul Tide,Visual Plea,February 7,LP,"Prog-rock, Math rock, Noise rock",Instrumental,"Sarnia, Canada",BC,S,,,
Solkyri,Cranebook,February 7,EP,"Post-rock, Ambient",Instrumental,"Sydney, Australia",BC,S,,,
Bikini Beach,Cursed,February 7,LP,"Garage rock, Psychedelic rock",Clean,"Konstanz, Germany",BC,S,,,
Zinnia,Dollar Store Disco,February 7,LP,Art Pop,Clean,"Toronto, Canada",BC,S,,,
Tired Girl,Tired,February 7,LP,Alt-Pop,Clean,"Sydney, Australia",BC,S,,,
The Ultimate Dreamers,Paradoxical Sleep,February 7,LP,"Post-Punk, Coldwave",Clean,"Brussels, Belgium",BC,S,,,
Tumbleweed Dealer,Dark Green,February 7,LP,"Prog-rock, Stoner rock, Psychedelic rock",Instrumental,"Montreal, Canada",BC,S,,,
Liquid Bear,Second Life,February 7,LP,"Prog-rock, Grunge rock",Clean,"Paris, France",BC,S,,,
Guided By Voices,Universe Room,February 7,LP,"Indie rock, Garage rock",Clean,"Dayton, OH",BC,S,,,
James Brandon Lewis,Apple Cores,February 7,LP,"Free Jazz, Jazz-rock, Spiritual Jazz",Instrumental,"New York, NY",BC,S,,,
Sharon Van Etten,Sharon Van Etten & The Attachment Theory,February 7,LP,"Singer-Songwriter, Indie Pop, Synthpop",Clean,"New York, NY",BC,S,,,
Fvzz Popvli,Melting Pop,February 7,LP,"Psychedelic rock, Garage rock",Clean,"Roma, Italy",BC,S,YT,,
Don Mularz,Florida Street,February 7,LP,Classic rock,Clean,"Jensen Beach, FL",BC,S,,,
Rebuke,Things One Shouldn​’​t Have to Say,February 7,LP,"Melodic Hardcore, Skatepunk",Clean,Sweden,BC,S,,,
Nia Wyn,A Pleasure To Have In Class,February 7,LP,"Neo-Soul, R&B",Clean,"London, UK",BC,S,,,
New Orthodox,Bull Market on Corn,February 7,LP,Experimental rock,Clean,"Coxsackie, NY",BC,S,,,
Sarah Klang,Beautiful Woman,February 7,LP,"Singer-Songwriter, Indie Folk",Clean,"Gothenburg, Sweden",BC,S,,,
Sairen,Penumbra,February 7,LP,Post-rock,Instrumental,"Brittany, France",BC,S,,,
Closure Is A Waiting Room,Pirouettes Into The Ceiling,February 7,EP,"Skramz, Emo",Mixed,"Jacksonville, FL",BC,S,,,
Dean Owens,Spirit Ridge,February 7,LP,Alt-Country,Clean,"Edinburgh, Scotland",BC,S,,,
Slaughterhouse,Sick and Tired,February 7,EP,"Punk rock, Death rock",Mixed,"Los Angeles, CA",BC,S,,,
STUD,Under Silver Sky,February 7,LP,"Hard rock, Heavy rock",Clean,"Helsinki, Finland",BC,S,,,
Cowards,God Hates Cowards,February 7,LP,Post-Punk,Clean,"Recanati, Italy",BC,S,,,
Ian Huschle,Algae Days,February 7,LP,"Singer-Songwriter, Acoustic Folk",Clean,"Colorado, CO",BC,S,,,
Paul Sadler,The Irrational,February 7,EP,"Prog-rock, Acoustic",Clean,"Manchester, UK",BC,S,,,
Mary Ann Hawkins,Helsinki Surf City,February 7,LP,Surf rock,Clean,"Helsinki, Finland",BC,S,,,
Spawn,Erebus & Terror,February 7,LP,"Experimental rock, Free Jazz, Improv",Instru./Mixed,"Seattle, WA",BC,S,,,
Ollie Wride,The Pressure Point,February 7,LP,"Synthpop, Synthwave",Clean,"Brighton, UK",BC,S,,,
Viba,Harso,February 7,LP,"Progressive Pop, Art Pop, Jazz",Clean,"Helsinki, Finland",BC,S,,,
Stammer,Stammer,February 7,LP,"Dream Pop, Alt-rock, Shoegaze",Clean,"Nashville, TN",BC,S,,,
American Football,American Football (Live in Los Angeles),February 7,LP,"Midwest Emo, Slowcore, Post-rock",Clean,"Champaign, IL",BC,,,,
Caroline Rose,Year of the Slug,February 7,LP,"Singer-Songwriter, Contemporary Folk",Clean,"Los Angeles, CA",BC,,,,
Dave Malloy,Three Houses,February 10,LP,Musical Theatre,Clean,"Brooklyn, NY",BC,S,,,
Kelela,In The Blue Light,February 11,LP,"Alternative R&B, Electronic, Ambient Pop",Clean,"Los Angeles, CA",BC,S,,,
The Adekaem,Pictures From Sierra Morena,February 12,LP,Prog-rock,Clean,"Katowice, Poland",BC,,,,
Oddly,Swerve,February 12,LP,"Alt-rock, Grunge, Shoegaze",Clean,"Kyoto, Japan",BC,S,,,
Fluctus Quadratum,Laplacian,February 12,LP,"Prog-rock, Symphonic Prog",Clean,UK,BC,,,,
Unseen,My Sound Mind,February 13,EP,"Alt-rock, Indie rock",Clean,"Salt Lake City, UT",BC,S,,,
Venturing,Ghostholding,February 14,LP,"Indie rock, Shoegaze, Noise Pop",Clean,"Chicago, IL",BC,S,,,
Thomas Erak & The Ouroboros,(AU),February 14,LP,"Prog-rock, Post-Hardcore",Mixed,"Mukilteo, WA",BC,S,,,
Richard Dawson,End of the Middle,February 14,LP,Acoustic Folk,Clean,"Newcastle, UK",BC,S,,,
DWELLEY,Loons,February 14,LP,"Post-rock, Alt-rock, Grunge",Clean,"Boston, MA",BC,S,,,
Soft Leg,Nor,February 14,EP,"Post-Punk, Shoegaze",Clean,"Stockholm, Sweden",BC,S,,,
The Odd Ditties,Backstage,February 14,LP,"Alt-rock, Stadium rock, Garage Psych",Clean,"Longmont, CO",BC,S,YT,,
We Are Impala,Les Efímeres,February 14,LP,"Prog-rock, Psychedelic rock, Post-rock",Instrumental,"Barcelona, Spain",BC,S,,,
Pattern-Seeking Animals,Friend Of All Creatures,February 14,LP,Prog-rock,Clean,"Los Angeles, CA",BC,S,,,
Vulture Feather,It Will Be Like Now,February 14,LP,Post-Punk,Clean,"Hayfork, CA",BC,S,,,
Cathedrale,Poison,February 14,LP,Post-Punk,Clean,"Toulouse, France",BC,S,,,
Zement,Passagen,February 14,LP,"Avant-rock, Krautrock, Electronic",Clean,"Nuremberg, Germany",BC,S,,,
Hands Like Houses,Atmospherics,February 14,LP,"Post-Hardcore, Alt-rock",Mixed,"Canberra, Australia",BC,S,,,
Horsegirl,Phonetics On and On,February 14,LP,"Slacker rock, Noise Pop",Clean,"Chicago, IL",BC,S,,,
Scorpion Child,I Saw The End As It Passed Right Through Me,February 14,LP,"Hard rock, Post-Punk, Gothic rock",Clean,"Austin, TX",BC,S,,,
Corde Oblique,Cries and Whispers,February 14,LP,"Post-rock, Neoclassical, Folk",Clean,Italy,BC,S,,,
The Delines,Mr. Luck And Ms. Doom,February 14,LP,"Country Soul, Americana",Clean,"Portland, OR",BC,S,,,
Corlyx,Purple Pain,February 14,LP,"Alt-Pop, Darkwave",Clean,"Brighton, UK",BC,S,,,
Oracle Sisters,Divinations,February 14,LP,"Psychedelic Pop, Indie rock",Clean,"Paris, France",BC,S,,,
Park Jiha,All Living Things,February 14,LP,"Post-Minimalism, Korean Folk",Instrumental,"Seoul, South Korea",BC,S,,,
Ditch,The Traveler,February 14,LP,"Stoner rock, Desert rock",Clean,"The Hague, Netherlands",BC,S,,,
Skyscraper Stan and the Commission Flats,Those Were Days,February 14,LP,Soul rock,Clean,"Melbourne, Australia",BC,S,,,
Art d'Ecco,Serene Demon,February 14,LP,"Glam rock, New Wave",Clean,"Victoria, Canada",BC,S,,,
Future Living,Get Vasectomy,February 14,LP,"Alt-Punk, Space rock, Shoegaze",Clean,"Kalamazoo, MI",BC,S,,,
The None,Care,February 14,EP,"Post-Hardcore, Noise rock",Harsh,"London, UK",BC,,,,
Gavin McLeod,The Constant Astonishment,February 14,LP,"Alt-rock, Indie rock",Clean,"Toronto, Canada",BC,S,,,
Noémi Büchi,Liquid Bones,February 14,EP,Electroacoustic,Instru./Clean,"Zürich, Switzerland",BC,S,,,
Kestrels,Better Wonder,February 14,LP,"Indie rock, Shoegaze",Clean,"Halifax, Canada",BC,S,,,
Seán Mulrooney,This Is My Prayer,February 14,LP,"Irish Folk, Psychedelic rock",Clean,"Dublin, Ireland",BC,S,,,
Shade,Under Distant Suns,February 14,EP,"Alt-rock, Stoner rock",Clean,"Tunis, Tunisia",BC,S,,,
Frog,1000 Variations on the Same Song,February 14,LP,"Indie rock, Alt-Country, Twang",Clean,"New York, NY",BC,S,,,
Dobbeltgjenger,Master Of Failure,February 14,LP,"Alt-rock, Indie Pop",Clean,"Bergen, Norway",BC,S,,,
Leifur James,Magic Seeds II,February 14,LP,"Downtempo, Art Pop, Nu Jazz",Clean,"London, UK",BC,S,,,
Crying Vessel,Sepulchers - The Maiden,February 14,LP,"Coldwave, Post-Punk, Gothic",Clean,"Bern, Switzerland",BC,S,,,
Moundabout,Goat Skull Table,February 14,LP,"Psychedelic Folk, Avant-Folk",Instru./Clean,UK,BC,S,YT,,
acloudyskye,This Won't Be The Last Time,February 14,LP,"Indie rock, Indietronica",Clean,"New York, NY",BC,S,,,
Foxglove,Foxglove,February 14,EP,"Screamo, Emo",Harsh,"Seattle, WA",BC,S,,,
Comatose,Not So Far,February 14,EP,"Indie rock, Grunge, Shoegaze",Clean,"Rochester, MN",BC,S,,,
Thala,Avalanche,February 14,LP,"Dream Pop, Indie rock",Clean,"Berlin, Germany",BC,S,,,
Cope Land,Expire,February 14,LP,"Prog-rock, Jazz rock, Alt-rock",Clean,"Montreal, Canada",BC,S,,,
Metaphysical Horror,Burden,February 15,LP,"Prog-rock, Post-rock",Instrumental,"Moscow, Russia",BC,S,,,
Sophia Djebel Rose,S​é​cheresse,February 17,LP,"Singer-Songwriter, Avant-rock, Dark Folk",Clean,France,BC,,,,
Atomic Peat,Demons and other Friends,February 20,LP,"Stoner rock, Hard rock",Clean,"Osnabrück, Germany",BC,S,,,
Lesath,Cold Silence,February 20,LP,"Post-rock, Shoegaze",Clean,India,BC,,,,
Rugh,Rug,February 21,LP,"Midwest Emo, Anxiety Pop",Clean,"Gainesville, FL",BC,S,,,
The Adekaem,Pictures From Sierra Morena,February 21,LP,Prog-rock,Clean,"Katowice, Poland",BC,,,,
Naxatras,V,February 21,LP,"Prog-rock, Psychedelic rock",Clean,"Thessaloniki, Greece",BC,S,,,
Allsalt,Ritual Abstract,February 21,LP,"Alt-rock, Shoegaze",Clean,"Gainesville, FL",BC,S,,,
FHMY,The World You Grew Up In No Longer Exists,February 21,LP,"Math rock, Midwest Emo",Clean,"Cairo, Egypt",BC,S,,,
Oxer,Oxer,February 21,LP,"Indie rock, Shoegaze",Clean,"Brooklyn, NY",BC,S,,,
Maruja,Tir na nÓg,February 21,EP,"Post-rock, Jazz-rock",Instrumental,"Manchester, UK",,S,,,
Baths,Gut,February 21,LP,"Indietronica, Folktronica, Art Pop",Clean,"Culver City, CA",BC,S,,,
Motorpsycho,Motorpsycho,February 21,LP,"Prog-rock, Psychedelic rock",Clean,"Trondheim, Norway",BC,S,,,
Dead Man's Bells,Steadfast,February 21,LP,"Prog-rock, Alt-rock",Clean,"Užice, Serbia",BC,S,,,
Mitochondrial Sun,Machine Dialectics,February 21,LP,"Experimental, Electronic, Ambient",Instrumental,"Gothenburg, Sweden",BC,S,,,
Tim Hecker,Shards,February 21,LP,"Ambient, Electroacoustic, Modern Classical",Instrumental,"Los Angeles, CA",BC,S,,,
Jason Bieler,The Escapologist,February 21,LP,"Prog-rock, Hard rock",Clean,"Pompano Beach, FL",BC,S,,,
Jaws of Death,People I Won't Ever See Again,February 21,LP,Indie rock,Clean,"Brooklyn, NY",BC,S,,,
This Is Wreckage,Transaction​/​Service,February 21,LP,Noise rock,Clean,"Cardiff, UK",BC,S,,,
Cigarettes for Breakfast,Slow Motion,February 21,LP,"Dream Pop, Shoegaze",Clean,"Philadelphia, PA",BC,S,,,
Maud the Moth,The Distaff,February 21,LP,"Neoclassical Darkwave, Post-rock",Clean,"Edinburgh, Scotland",BC,S,YT,,
Yawning Balch,Volume Three,February 21,LP,"Psychedelic rock, Post-rock, Jam Band",Instrumental,"California, CA",BC,S,YT,,
Anxious,Bambi,February 21,LP,"Emo Pop, Pop Punk, Post-Hardcore",Clean,"Connecticut, CT",BC,S,YT,,
Jules Reidy,Ghost​/​Spirit,February 21,LP,"Experimental Pop, Avant-Pop",Clean,"Berlin, Germany",BC,S,,,
Saya Gray,Saya,February 21,LP,"Alt-Pop, Indie Folk",Clean,"London, UK",BC,S,,,
Sunny War,Armageddon In A Summer Dress,February 21,LP,Folk Pop,Clean,"Los Angeles, CA",BC,S,,,
Patterson Hood,Exploding Trees & Airplane Screams,February 21,LP,"Alt-Country, Roots rock",Clean,"Portland, OR",BC,S,,,
Amulets,Not Around But Through,February 21,LP,"Ambient Electronic, Drone",Instrumental,"Portland, OR",BC,S,,,
Katy Pinke,Strange Behavior,February 21,LP,"Singer-Songwriter, Indie rock, Avant-Folk",Clean,"New York, NY",BC,S,,,
Pretty Lightning,Night Wobble,February 21,LP,Psychedelic rock,Instrumental,"Saarbrücken, Germany",BC,S,,,
iaross,Ce que nous sommes,February 21,LP,"Alt-rock, Chanson",Clean,"Montpellier, France",BC,S,,,
Jim Ghedi,Wasteland,February 21,LP,"Singer-Songwriter, Trad Folk",Clean,"Sheffield, UK",BC,S,,,
Garaventa,Casual Drama,February 21,LP,"Post-Punk, Synthwave",Clean,"Geneva, Switzerland",BC,S,,,
Abdomen,"Yes, I Don't Know",February 21,LP,Garage Punk,Clean,Netherlands,BC,S,,,
Rapt,Until The Light Takes Us,February 21,LP,"Slowcore, Ambient, Folk",Clean,"London, UK",BC,S,,,
Youth Lagoon,Rarely Do I Dream,February 21,LP,Indie Pop,Clean,"Boise, ID",BC,S,,,
Masma Dream World,Please Come To Me,February 21,LP,"Tribal Ambient, Experimental, Electronic",Clean,"Brooklyn, NY",BC,S,,,
IDER,Late to the World,February 21,LP,"Indie Pop, Alternative R&B",Clean,"London, UK",BC,S,,,
Sevens,"Sincerely, Sevens",February 21,LP,"Singer-Songwriter, Indie Soul",Clean,"Hasselt, Belgium",BC,S,,,
Rafiq Bhatia,"Each Dream, A Melting Door",February 21,EP,"Experimental Jazz, Minimalism",Instrumental,"New York, NY",BC,S,,,
Friends In Real Life,Friends In Real Life,February 21,LP,Folk-Pop,Clean,"Tucson, AZ",BC,S,,,
Spy,Seen Enough,February 21,EP,Hardcore Punk,Harsh,"San Jose, CA",BC,S,,,
Mirrored Daughters,Mirrored Daughters,February 21,LP,Indie Folk,Clean,UK,BC,S,,,
Trupa Trupa,Mourners,February 21,EP,"Post-Punk, Alt-rock",Clean,"Gdańsk, Poland",BC,S,,,
Swimming,Old,February 21,LP,"Math rock, Emo",Clean,"St. John's, Canada",BC,S,,,
Empereur,Eau Rouge,February 21,LP,Post-Punk,Clean,"Brussels, Belgium",BC,S,,,
Vezhlivy Otkaz,That's Not the Point,February 21,LP,"Avant-rock, RIO",Clean,"Moscow, Russia",BC,,,,
We Made God,Select/Restart,February 21,EP,"Post-rock, Post-metal",Mixed,"Reykjavik, Iceland",BC,,,,
Karla Kvlt,Thunderhunter,February 21,LP,"Post-rock, Dream Pop, Drone",Clean,"Hamburg, Germany",BC,S,,,
Darksoft,Rationalism,February 21,LP,"Dream Pop, Alt-rock, Shoegaze",Clean,"Portland, ME",BC,S,,,
They Don't Sleep Anymore,Save Nothing,February 21,LP,"Screamo, Post-rock",Mixed,"Baltimore, MD",BC,S,,,
Foot Foot,"Still Waters, Empty House",February 22,LP,"Prog-rock, Math rock, Indie Folk",Clean,"Bristol, UK",BC,S,,,
Godswounds,Cheer Up Sunshine,February 24,LP,"Experimental rock, Alt-metal",Mixed,"Sydney, Australia",BC,S,,,
Infinite Runner,Time Trials,February 25,LP,Alt-rock,Clean,"Chicago, IL",BC,S,,,
Hollow Sunshine,Disposer,February 25,LP,"Dream Pop, Shoegaze",Clean,US,BC,S,,,
Ben Tonak,to Believe,February 25,LP,"Singer-Songwriter, Alt-Country",Clean,"Denver, CO",BC,,,,
Euroboy,abcde,February 26,LP,Indie Pop,Clean,"Rotterdam, Netherlands",BC,S,,,
Versus Machine,II,February 27,LP,"Post-Grunge, Alt-rock",Clean,"Lancaster, PA",BC,S,,,
Honningbarna,Soft Spot,February 28,LP,"Post-Hardcore, Noise rock, Dance-Punk",Mixed,"Kristiansand, Norway",,S,,,
Eye 2 Eye,Lost Horizon,February 28,LP,"Prog-rock, Symphonic rock",Clean,"Paris, France",BC,,,,
Lyrella,Cosmic Lark,February 28,LP,Prog-rock,Instrumental,"London, UK",BC,,,,
Doves,Constellations for the Lonely,February 28,LP,"Indie rock, Dream Pop, Britpop",Clean,"Manchester, UK",,S,,,
Banco del Mutuo Soccorso,Storie Invisibili,February 28,LP,"Prog-rock, Symphonic Prog",Clean,"Rome, Italy",,S,,,
Panda Bear,Sinister Grift,February 28,LP,"Neo-Psychedelia, Progressive Pop, Indietronica",Clean,"Lisbon, Portugal",BC,S,,,
Granite Hands,Soi Cowboy,February 28,EP,"Experimental rock, Jazz Fusion",Instrumental,"Austin, TX",BC,S,,,
Mostly Autumn,Seawater,February 28,LP,"Prog-rock, Symphonic Prog",Clean,UK,,S,,,
Nona Invie,Self​-​soothing,February 28,LP,"Singer-Songwriter, Indie Folk",Clean,"Minneapolis, MN",BC,S,,,
Yazz Ahmed,A Paradise In The Hold,February 28,LP,"Arabic Jazz, Fusion",Instrumental,"London, UK",BC,S,,,
Free Throw,Those Days Are Gone (10 Year Anniversary Edition),February 28,LP,"Midwest Emo, Post-Hardcore",Mixed,"Nashville, TN",BC,S,,,
Tunic,A Harmony of Loss Has Been Sung,February 28,LP,"Noise rock, Post-Hardcore, Pigfuck",Mixed,"Winnipeg, Canada",BC,S,,,
Cloakroom,Last Leg of the Human Table,February 28,LP,"Dream Pop, Shoegaze, Doomgaze",Clean,"Michigan City, IN",BC,S,,,
Dim Gray,Shards,February 28,LP,"Prog-rock, Art rock",Clean,"Oslo, Norway",BC,S,,,
Gleb Kolyadin,Mobula,February 28,LP,"Prog-rock, Jazz Fusion, Ethnic Folk",Instrumental,UK,BC,S,,,
"you, infinite","you, infinite",February 28,LP,Post-rock,Instrumental,"Austin, TX",BC,S,YT,,
Ichiko Aoba,Luminescent Creatures,February 28,LP,"Singer-Songwriter, Chamber Folk",Clean,"Tokyo, Japan",BC,S,,,
Mdou Moctar,Tears of Injustice,February 28,LP,"Tishoumaren, Psychedelic rock",Clean,"Agadez, Niger",BC,S,,,
LP Gavin,"Trials, Tribulations, Deliberations, Pratfalls, Reprieves, Etc.",February 28,LP,"Garage rock, Indie rock",Clean,UK,BC,S,,,
Everon,Shells,February 28,LP,"Prog-rock, Symphonic rock",Clean,Germany,BC,S,,,
Nick Frater,Oh Contraire!,February 28,LP,"Singer-Songwriter, Retro Pop",Clean,"Croydon, UK",BC,,,,
The Men,Buyer Beware,February 28,LP,"Garage rock, Post-Punk",Clean,"New York, NY",BC,S,,,
The Devil Makes Three,Spirits,February 28,LP,"Alt-Country, Bluegrass, Folk Punk",Clean,"Burlington, VT",BC,S,,,
Miya Folick,Erotica Veronica,February 28,LP,"Alt-Pop, Indie rock",Clean,"Los Angeles, CA",BC,S,,,
Witch 'n' Monk,OUTFOX,February 28,LP,"Experimental rock, Avant-rock",Instru./Clean,"London, UK",BC,,,,
Cornelia Murr,Run to the Center,February 28,LP,"Singer-Songwriter, Art Pop, Dream Pop",Clean,"Los Angeles, CA",BC,S,,,
Pumuky,No sueltes lo ef​í​mero,February 28,LP,"Dream Pop, Slowcore, Shoegaze",Clean,Spain,BC,S,,,
Deep Sea Diver,Billboard Heart,February 28,LP,"Indie Pop, Indie rock",Clean,"Seattle, WA",BC,S,,,
Okonski,Entrance Music,February 28,LP,Chamber Jazz,Instrumental,"Asheville, NC",BC,S,YT,,
Molt,Molt,February 28,EP,"Noise rock, Post-Punk",Clean,"Portland, OR",BC,S,,,
Darkside,Nothing,February 28,LP,"Neo-Psychedelia, Art Pop",Clean,"New York, NY",BC,S,,,
Kadawa,Post Graduation Fees,February 28,LP,"Prog-rock, Jazz rock",Instrumental,"Brooklyn, NY",BC,S,,,
Andy Bell,Pinball Wanderer,February 28,LP,"Neo-Psychedelia, Art rock, Dream Pop",Clean,"London, UK",BC,S,,,
Miami Horror,We Always Had Tomorrow,February 28,LP,"Nu-Disco, Electropop, Dance-Pop",Clean,"Los Angeles, CA",BC,S,,,
Constant Follower,The Smile You Send Out Returns To You,February 28,LP,Indie Folk,Clean,"Glasgow, Scotland",BC,S,,,
Seances,Power Is A Phantom,February 28,LP,"Post-Punk, Gothic rock, Synthpop",Clean,"Milwaukee, WI",BC,S,,,
Blutengel,Dämonen:Sturm,February 28,LP,"Darkwave, Futurepop",Clean,"Berlin, Germany",BC,S,,,
Demora,Torpor,February 28,LP,"Alt-rock, Shoegaze",Clean,"San Francisco, CA",BC,S,,,
Punter,Australienation,February 28,LP,Hardcore Punk,Mixed,"Melbourne, Australia",BC,,,,
Endless Dive,Souvenances,February 28,LP,"Post-rock, Indie rock",Instrumental,Belgium,BC,S,,,
Joshua Burnside,Teeth of Time,February 28,LP,"Singer-Songwriter, Chamber Folk",Clean,"Belfast, Northern Ireland",BC,S,,,
Heaven’s Club,Free World,February 28,EP,"Dream Pop, Shoegaze",Clean,"Oakland, CA",BC,S,,,
MÉNADES,Sur Leurs Cendres,February 28,LP,"Neo-Punk, Punk rock",Clean,"Paris, France",BC,S,,,
Marquise,Ela Caiu,February 28,LP,"Alt-rock, Indie rock",Clean,"Porto, Portugal",BC,S,,,
Fields of Mildew,IV,February 28,EP,"Dark Folk, Neofolk",Clean,Germany,BC,S,YT,,
Saoirse Dream,Saoirse Dream,February 28,LP,"Hyperpop, Indie rock",Clean,"Portland, OR",BC,S,,,
chest.,All Good Things End,February 28,EP,Post-Punk,Clean,"Paris, France",BC,S,YT,,
bdrmm,Microtonic,February 28,LP,"Dream Pop, Indietronica, Post-Punk Revival",Clean,"Hull, UK",BC,S,,,
Dominic Sanderson,Blazing Revelations,February 28,LP,"Prog-rock, Jazz rock",Clean,"Wakefield, UK",BC,S,,,
The Far Cry,Once There Was,March 1,LP,Prog-rock,Clean,"Connecticut, CT",BC,S,,,
Ungilded,Homeless,March 1,LP,"Chamber Pop, Piano rock",Clean,"California, CA",BC,S,,,
Dream A View,Always,March 1,LP,"Dreamcore, Synthwave",Clean,"Augusta, ME",BC,,,,
Hesse Kassel,La Brea,March 1,LP,"Experimental rock, Art rock",Clean,"Santiago, Chile",BC,S,,,
Hats Off Gentlemen It's Adequate,The Uncertainty Principle,March 4,LP,"Prog-rock, Art rock",Instru./Clean,"London, UK",BC,,,,
Vulfpeck,Clarity of Cal,March 4,LP,"Jazz Funk, Pop Soul",Clean,"Los Angeles, CA",BC,S,,,
After Osmosis,Slow Release,March 4,EP,Post-rock,Instrumental,"Albuquerque, NM",BC,S,,,
Downward,Downward,March 5,LP,"Alt-rock, Shoegaze",Clean,"Tulsa, OK",BC,S,,,
Goader,Stars Speak In Silent Tongues,March 6,LP,Post-rock,Instrumental,"Appleton, WI",BC,S,,,
Karfagen,OMNI,March 7,LP,"Prog-rock, Symphonic Prog",Clean,Ukraine,BC,,,,
Kris Delmhorst,Ghosts in the Garden,March 7,LP,"Singer-Songwriter, Indie Folk, Americana",Clean,"Massachusetts, MA",BC,S,,,
IKITAN,Shaping The Chaos,March 7,LP,"Prog-rock, Post-rock, Psychedelic rock",Instrumental,"Genoa, Italy",BC,S,,,
Oh My Sun,Apocalypse Baby,March 7,LP,"Indie Pop, Alt-Pop, Folk",Clean,"London, UK",BC,S,,,
Amber Asylum,Ruby Red,March 7,LP,Neoclassical Darkwave,Clean,"San Francisco, CA",BC,S,YT,,
MSSV,On And On,March 7,LP,"Post-Punk, Surf rock",Clean,"Gainesville, FL",BC,S,,,
Kryptograf,Kryptonomicon,March 7,LP,"Heavy Psych, Doom metal",Clean,"Bergen, Norway",BC,S,,,
Lady Gaga,Mayhem,March 7,LP,Traditional Pop,Clean,"Malibu, CA",,S,,,
Kinski,Stumbledown Terrace,March 7,LP,"Psychedelic rock, Stoner rock",Instru./Clean,"Seattle, WA",BC,S,,,
Ideal Living,This Big House,March 7,EP,Art Punk,Clean,"Brighton, UK",BC,S,,,
Ben Edge,Children of Albion,March 7,LP,Contemporary Folk,Clean,"London, UK",BC,S,,,
Cassels,Tracked In Mud,March 7,LP,"Post-Punk, Post-Hardcore",Harsh,"London, UK",BC,S,,,
Nagasaki Swim,The View From Up There,March 7,LP,"Indie Pop, Indie Folk",Clean,"Rotterdam, Netherlands",BC,S,,,
Alabaster DePlume,A Blade Because A Blade Is Whole,March 7,LP,"Spiritual Jazz, Chamber Jazz, Jazz Poetry",Clean,"London, UK",BC,,,,
Michael Cera Palin,We Could Be Brave,March 7,LP,"Midwest Emo, Indie rock, Pop Punk",Clean,"Atlanta, GA",BC,S,YT,,
Swervedriver,The World's Fair,March 7,EP,"Alt-rock, Neo-Psychedelia, Shoegaze",Clean,"Oxford, UK",BC,S,,,
Jason Isbell,Foxes in the Snow,March 7,LP,"Singer-Songwriter, Country rock",Clean,"Nashville, TN",BC,S,,,
Staticlone,Better Living Through Static Vision,March 7,LP,Hardcore Punk,Harsh,"Philadelphia, PA",BC,S,,,
Unitopia,Alive and Kicking: Unitopia Live,March 7,LP,Prog-rock,Clean,Australia,BC,,,,
Jethro Tull,Curious Ruminant,March 7,LP,Prog-rock,Clean,"Luton, UK",BC,S,,,
Rainbows Are Free,Silver and Gold,March 7,LP,Stoner rock,Clean,"Norman, OK",BC,S,,,
Kaiser,2nd Sound,March 7,LP,Stoner rock,Clean,"Helsinki, Finland",BC,S,,,
Newtie,Dusk Dances,March 7,LP,"Singer-Songwriter, Indie Folk",Clean,"Waxhaw, NC",BC,S,,,
HotWax,Hot Shock,March 7,LP,"Alt-rock, Garage Punk",Clean,"Hastings, UK",BC,S,,,
JuliaWhy?,Dust Suspended on a Sunbeam,March 7,LP,"Indie rock, Grunge, Shoegaze",Clean,"Sydney, Australia",BC,S,,,
Karmakanic,Transmutation,March 7,LP,Prog-rock,Clean,Sweden,,S,,,
Echolyn,TimeSilentRadio II,March 7,LP,"Prog-rock, Symphonic Prog",Clean,"Lansdale, PA",BC,,,,
Echolyn,TimeSilentRadio vii,March 7,LP,"Prog-rock, Symphonic Prog",Clean,"Lansdale, PA",BC,,,,
Black Foxxes,The Haar,March 7,LP,Alt-rock,Clean,"Exeter, UK",,S,,,
Clara Mann,Rift,March 7,LP,"Singer-Songwriter, Folk",Clean,"London, UK",BC,S,,,
Will Stratton,Points Of Origin,March 7,LP,"Singer-Songwriter, Indie Folk",Clean,"Beacon, NY",BC,S,,,
Torpedo Torpedo,Arrows of Time,March 7,LP,"Psychedelic rock, Stoner rock",Clean,"Vienna, Austria",BC,S,,,
Slow Burn Drifters,Golden,March 7,LP,"Singer-Songwriter, Alt-Gothic, Americana",Clean,Austria,BC,S,,,
Franc Moody,Chewing The Fat,March 7,LP,"Contemporary Funk, Indie Pop, Electronica",Clean,"London, UK",BC,S,,,
The Tubs,Cotton Crown,March 7,LP,"Jangle Pop, Indie rock, Folk rock",Clean,"London, UK",BC,S,,,
Ghost Of The Machine,Empires Must Fall,March 7,LP,Prog-rock,Clean,"Leeds, UK",BC,,,,
Gentle Beast,Vampire Witch Reptilian Super Soldier (​.​.​.​from outer space) ,March 7,LP,Stoner rock,Clean,"Basel, Switzerland",BC,S,,,
The Burning Hell,Ghost Palace,March 7,LP,"Art Pop, Indie Folk",Clean,"St. John's, Canada",BC,S,,,
Pale Blue Eyes,New Place,March 7,LP,"Dream Pop, Alternative Dance",Clean,"Sheffield, UK",BC,S,,,
Taxidermists,20247,March 7,LP,"Garage Rock Revival, Slacker rock",Clean,"Hadley, MA",BC,S,,,
Bob Mould,Here We Go Crazy,March 7,LP,Alt-rock,Clean,"San Francisco, CA",BC,S,,,
Tenebrous Liar,Hell Never Called,March 7,LP,"Experimental rock, Noise rock, Alt-rock",Clean,UK,BC,S,,,
Fust,Big Ugly,March 7,LP,"Folk rock, Alt-Country",Clean,"Durham, NC",BC,S,,,
Frog Eyes,The Open Up,March 7,LP,"Art rock, Indie rock",Clean,"Vancouver, Canada",BC,S,,,
The Baptized,Exilion,March 7,LP,"Psychedelic rock, Stoner rock",Instrumental,"Lille, France",BC,S,YT,,
Chase Petra,Lullabies for Dogs,March 7,LP,"Pop Punk, Alt-rock",Clean,"Long Beach, CA",BC,S,,,
Vundabar,Surgery and Pleasure,March 7,LP,"Indie rock, Post-Punk Revival, Jangle Pop",Clean,"Boston, MA",BC,S,,,
Matt Embree,Orion,March 7,LP,"Alt-Blues, Dub, Jam",Clean,"Long Beach, CA",BC,S,,,
Tobacco City,Horses,March 7,LP,Country rock,Clean,"Chicago, IL",BC,S,,,
Lust For Youth & Croatian Amor,All Worlds,March 7,LP,"Alternative Dance, Ambient Trance, Synthpop",Clean,Denmark,BC,S,,,
Star 99,Gaman,March 7,LP,Pop Punk,Clean,"San Jose, CA",BC,S,,,
bÚkl,Blue Ghost in the Memory-Machine,March 7,LP,"Alt-rock, Grunge",Clean,"Cork, Ireland",BC,S,,,
Franklin Gothic,Echoes,March 7,LP,"Art Pop, Indie rock, Psychedelic",Clean,"Portland, OR",BC,S,,,
Harroula Rose & Oliver Hill,Cycles,March 7,LP,"Experimental Folk, Ambient",Instru./Clean,US,BC,S,,,
Ventura,Superheld,March 7,LP,"Post-Hardcore, Noise rock, Indie rock",Clean,"Lausanne, Switzerland",BC,S,,,
Split Moon,More Clouds More Stars,March 7,LP,"Psychedelic rock, Space rock, Shoegaze",Clean,"Los Angeles, CA",BC,S,,,
Darling West,Woods,March 7,LP,"Nordic Folk, Indie Folk, Americana",Clean,"Oslo, Norway",BC,S,,,
Limboy,II,March 7,LP,"Post-Punk, Noise rock",Clean,France,BC,S,YT,,
Aiming for Enrike,Live 23/24 (Vol. 1),March 7,LP,"Alternative Dance, Ambient Techno, Math rock",Instrumental,"Oslo, Norway",BC,S,,,
Nowhere Flower,Heat Dome,March 7,LP,"Slacker rock, Bedroom Pop",Clean,"Portland, OR",BC,,,,
Copperplate,Copperplate,March 7,LP,"Dream Pop, Shoegaze",Clean,"Marietta, GA",BC,,,,
Lost Coast,Endless,March 7,LP,Post-rock,Instrumental,"Canberra, Australia",BC,S,,,
LAKE,Bucolic Gone,March 7,LP,Indie Pop,Clean,"Olympia, WA",BC,S,,,
Supervoc,Volume 2,March 7,LP,Jazz Fusion,Instrumental,"Oxford, UK",BC,,,,
Snowcuffs,Sink Down,March 7,EP,Dream Pop,Clean,"Chicago, IL",BC,S,,,
Being Awone,Embued,March 7,LP,Ambient Pop,Clean,"Portland, OR",BC,,,,
Anchoress,Cockdust,March 7,LP,"Post-rock, Slowcore, Drone",Clean,"Berlin, Germany",BC,S,,,
Sherpa,Alignment,March 7,LP,"Psychedelic rock, Neo-Psychedelia",Clean,Italy,BC,S,,,
Los Pirañas,Una Oportunidad más de triunfar en la vida,March 7,LP,"Psychedelic rock, Tropicanibalismo, Avant-Latin",Instrumental,"Bogotá, Colombia",BC,S,,,
Ritualmord,This is not Lifelover,March 8,LP,"Dark Ambient, Post-rock, DSBM",Mixed,Sweden,BC,S,,,
Terraplana,Natural,March 11,LP,"Dream Pop, Shoegaze",Clean,"Curitiba, Brazil",BC,S,,,
Ruby Haunt,Blinking in the Wind,March 11,LP,"Dream Pop, Slowcore",Clean,"Los Angeles, CA",BC,S,,,
Kadavermarch,Kadavermarch,March 13,EP,"Stoner rock, Heavy metal",Clean,"Copenhagen, Denmark",BC,S,,,
of Montreal,The Sunlandic Twins (20th Anniversary Edition),March 14,LP,"Psychedelic Pop, Indie Pop, Neo-Psychedelia",Clean,"Athens, GA",BC,,,,
Monkey Okay,Mausoleum,March 14,LP,"Prog-rock, Stoner rock, Hard rock",Clean,"Aalborg, Denmark",BC,,,,
Envy Of None,Stygian Waves,March 14,LP,"Art rock, Art Pop",Clean,"Toronto, Canada",BC,,,,
clipping.,Dead Channel Sky,March 14,LP,"Industrial Hip Hop, Power Noise, Digital Hardcore",Clean,"Los Angeles, CA",BC,,,,
Coheed and Cambria,Vaxis Act III: The Father of Make Believe,March 14,LP,"Progressive Rock, Emo Pop",Clean,"New York, United States",,,,,
Bambara,Birthmarks,March 14,LP,Post-Punk,Clean,"Brooklyn, NY",BC,,,,
Lone Striker,Lone Striker,March 14,LP,"Alt-rock, Indie rock",Clean,UK,BC,,,,
Thurnin,Harmr,March 14,LP,"Dark Folk, Neofolk",Instrumental,Netherlands,BC,,,,
Steven Wilson,The Overview,March 14,LP,"Prog-rock, Art rock",Clean,"London, UK",,,,,
Neal Francis,Return To Zero,March 14,LP,"Soul rock, Funk rock",Clean,"Chicago, IL",BC,,,,
Throwing Muses,Moonlight Concessions,March 14,LP,"Alt-rock, Indie rock, Post-Punk",Clean,"Newport, RI",BC,,,,
Giovannie and the Hired Guns,Quitter,March 14,LP,"Alt-rock, Country rock, Red Dirt",Clean,"Stephenville, TX",BC,,,,
Vazz,Your Lungs and Your Tongues,March 14,LP,"Minimal Wave, Electronic",Instrumental,"Glasgow, Scotland",BC,,,,
Joni Void,Every Life Is A Light,March 14,LP,"Sound Collage, Electronic",Clean,"Montréal, Canada",BC,,,,
Owls,Rare Birds,March 14,LP,"Orchestra, Quartet",Instrumental,"Brooklyn, NY",BC,,,,
T. Gowdy,Trill Scan,March 14,LP,"Ambient Techno, IDM",Clean,"Montréal, Canada",BC,S,,,
SUCK,Gimme Gabba Gabba,March 14,EP,Punk rock,Mixed,"Kassel, Germany",BC,,,,
Jesse Stilettö,Jesse Stilettö,March 14,LP,"Psychedelic rock, Stoner rock, Hard rock",Clean,"Minneapolis, MN",BC,,,,
Judith Hamann,Aunes,March 14,LP,"Electroacoustic, Drone, Ambient",Instru./Clean,"Berlin, Germany",BC,,,,
Circuit des Yeux,Halo On The Inside,March 14,LP,"Neoclassical Darkwave, Art Pop, Baroque Pop",Clean,"Chicago, IL",BC,,,,
Ging Nang Boyz,Blew Blue,March 14,LP,"Pop Punk, Shimokita-kei, Alt-rock",Clean,"Tokyo, Japan",BC,,,,
Dana Gavanski,Again Again,March 14,EP,"Singer-Songwriter, Indie Pop, Indie Folk",Clean,"London, UK",BC,,,,
Sure,Destruction of Form,March 14,LP,Darkwave,Clean,"Paris, France",,,,,
Bianca Steck,The Joy of Coincidences,March 14,LP,"Singer-Songwriter, Indie Pop, Folk Pop",Clean,"Brussels, Belgium",BC,,,,
Jonathan Personne,Nouveau Monde,March 14,LP,"Singer-Songwriter, Dream Pop, Slacker Folk",Clean,"Montréal, Canada",BC,,,,
Spring Onion,Seated Figure,March 14,LP,Bedroom Pop,Clean,"Philadelphia, PA",BC,,,,
Toria Wooff,Toria Wooff,March 14,LP,"Singer-Songwriter, Folk rock, Americana",Clean,"Chester, UK",BC,,,,
Sendero,Sendero,March 14,EP,"Prog-rock, Stoner rock, Space rock",Instrumental,"Heroica Veracruz, Mexico",BC,,,,
L'Arbre Bizarre,Ortolan,March 14,LP,"Post-Punk, Garage rock, Psychedelic rock",Clean,"Basel, Switzerland",BC,,,,
Malstrom,Bremen,March 14,LP,"Prog-rock, Jazz rock",Instrumental,"Cologne, Germany",BC,,,,
Stonks,Badger,March 14,EP,"Post-Punk, Jazz rock",Clean,"Brussels, Belgium",BC,,,,
Lurch,Lurch,March 14,LP,"Psychedelic rock, Hard rock",Clean,"Vienna, Austria",BC,,,,
Stacy Crowne,Second To None,March 14,LP,Hard rock,Clean,"Cologne, Germany",BC,,,,
Janeveera,Ohutnahkainen Narkissos,March 14,LP,"Singer-Songwriter, Pop",Clean,Finland,BC,,,,
Black Arches with Sexton Ming,Folly,March 14,LP,"Experimental rock, Noise rock, Psychedelic rock",Clean,"Hastings, UK",BC,,,,
Amphibian,Collecting Silver,March 15,LP,"Singer-Songwriter, Freak Folk",Clean,"El Paso, TX",BC,,,,
Casino Hearts,A Walk in the Grass,March 18,EP,"Indie Pop, Indie rock",Clean,"Los Angeles, CA",,,,,
Men I Trust,Equus Asinus,March 19,LP,"Dream Pop, Bedroom Pop, Jangle Pop",Clean,"Montréal, Canada",,,,,
Weatherday,Hornet Disaster,March 19,LP,"Slacker rock, Noise Pop, Emo",Clean,Sweden,BC,,,,
Moraines,Future Histories,March 19,LP,"Post-Hardcore, Math rock",Instrumental,"Zagreb, Croatia",BC,,,,
Sykofant,Red Sun,March 20,EP,Prog-rock,Clean,"Oslo, Norway",BC,,,,
Metempsychosis,Gaia Fable,March 20,LP,Post-rock,Instrumental,"Michigan, MI",BC,,,,
Darja Kazimira & Zura Makharadze,Minotaur - Ananke,March 21,LP,"Ritual Ambient, Free Improv, Folk",Mixed,Latvia / Georgia,BC,,,,
Clan dos Mortos Cicatriz,Técnicas de Morte,March 21,LP,"Hardcore Punk, Crust Punk, Noise rock",Harsh,Brazil,BC,,,,
Alpha Hopper,Let Heaven and Nature Sing II,March 21,LP,"Noise rock, Art-Punk",Clean,"Buffalo, NY",BC,,,,
Glazyhaze,Sonic,March 21,LP,"Dream Pop, Shoegaze",Clean,"Venice, Italy",BC,,,,
They/Live,Nature & Structure,March 21,LP,Synthpop,Clean,"Utah, UT",BC,,,,
YHWH Nailgun,45 Pounds,March 21,LP,"Experimental rock, Noise rock, Art Punk",Clean,"Brooklyn, NY",BC,,,,
O.R.k,Firehose Of Falsehoods,March 21,LP,"Prog-rock, Alt-rock",Clean,International,BC,,,,
Vitskär Süden,Vitskär Süden,March 21,LP,"Psychedelic rock, Stoner rock, Space rock",Clean,"Los Angeles, CA",BC,,,,
Verbian,Casarder,March 21,LP,"Prog-rock, Post-metal",Instrumental,"Porto, Portugal",BC,,,,
Seashine,Seashine,March 21,LP,"Dream Pop, Shoegaze",Clean,"St. Louis, MO",BC,,,,
//LESS,Crawl In The Blur,March 21,LP,"Noise rock, Post-Punk",Clean,"Tours, France",BC,,,,
The Infinity Ring,Ataraxia,March 21,LP,"Post-rock, Gothic rock",Clean,"Boston, MA",BC,,,,
Japanese Breakfast,For Melancholy Brunettes (& sad women),March 21,LP,"Chamber Pop, Indie Folk",Clean,"Philadelphia, PA",BC,,,,
More Eaze & Claire Rousay,No Floor,March 21,LP,"Electroacoustic, Sound Collage, Avant-Pop",Instru./Clean,US,BC,,,,
Tamino,Every Dawn’s a Mountain,March 21,LP,Chamber Folk,Clean,"Basel, Switzerland",,,,,
Vera Anja,Z​ä​me,March 21,LP,"Singer-Songwriter, Acoustic Folk",Clean,Switzerland,BC,,,,
Young Widows,Power Sucker,March 21,LP,"Noise rock, Post-Hardcore, Pigfuck",Clean,"Louisville, KY",BC,,,,
The Taxpayers,Circle Breaker,March 21,LP,"Art Punk, Folk Punk",Clean,"Portland, OR",BC,,,,
My Morning Jacket,is,March 21,LP,"Indie rock, Neo-Psychedelia",Clean,"Louisville, KY",BC,,,,
Fuzz Evil,Smear Merchants,March 21,LP,"Stoner rock, Heavy Psych",Clean,"Sierra Vista, AZ",BC,,,,
Lonnie Holley,Tonky,March 21,LP,"Singer-Songwriter, Progressive Soul, Experimental",Clean,"Atlanta, GA",BC,,,,
Bad Breeding,Blood Manifest,March 21,EP,"Noise rock, Hardcore Punk",Harsh,"Stevenage, UK",BC,,,,
Benefits,Constant Noise,March 21,LP,"Noise rock, Post-Punk, Poetry",Clean,"Middlesbrough, UK",BC,,,,
Floodlights,Underneath,March 21,LP,"Indie rock, Post-Punk",Clean,"Melbourne, Australia",BC,,,,
Dutch Interior,Moneyball,March 21,LP,"Indie rock, Alt-Country",Clean,"Los Angeles, CA",BC,,,,
Dylan Golden Aycock,No New Summers,March 21,LP,"American Primitivism, Ambient Americana",Instrumental,"Tulsa, OK",BC,S,,,
Cross Record,Crush Me,March 21,LP,"Art Pop, Slowcore, Ambient Pop",Clean,"Dripping Springs, TX",BC,,,,
TH Da Freak,Negative Freaks,March 21,LP,"Slacker rock, Garage rock, Noise Pop",Clean,"Bordeaux, France",BC,,,,
ELLiS·D,Spill,March 21,EP,"Garage rock, Post-Punk, New Wave",Clean,"Brighton, UK",BC,,,,
Lucy Liyou,"Every Video Without Your Face, Every Sound Without Your Name ",March 21,LP,"Electroacoustic, Art Pop",Clean,"Los Angeles, CA",BC,,,,
Caboose,Left For Dust,March 21,LP,Stoner rock,Clean,"Stockholm, Sweden",BC,,,,
Kinlaw,Gut Ccheck,March 21,LP,"Art Pop, Experimental Electronic, Trap",Clean,"Brooklyn, NY",BC,,,,
Jefre Cantu-Ledesma,Gift Songs,March 21,LP,"Ambient, Electroacoustic",Instrumental,"Brooklyn, NY",BC,,,,
My Raining Stars,Momentum,March 21,LP,"Indie Pop, Jangle Pop",Clean,France,BC,,,,
Minuit Machine,Queendom,March 21,LP,"Synthwave, Darkwave",Clean,"Paris, France",BC,,,,
Coming Down,Curve,March 21,LP,"Post-Hardcore, Emo",Clean,"Rochester, NY",BC,,,,
Lee Ranaldo & Michael Vallera,Early New York Silver,March 21,LP,"Dark Ambient, Drone",Instrumental,"Chicago, IL",BC,,,,
"Once More, Autumn",Foals,March 21,EP,"Alt-rock, Indie Folk",Clean,"Eau Claire, WI",BC,,,,
Motorbike,Kick It Over,March 21,LP,Garage Punk,Clean,"Cincinnati, OH",BC,,,,
Private Lives,Salt of the Earth,March 21,LP,"Garage rock, Post-Punk",Clean,"Montréal, Canada",BC,,,,
Appropriate Savagery,"Three Flickering Horns, Forever Framed",March 21,LP,Dark Ambient,Instrumental,France,BC,,,,
Greer,Big Smile,March 21,LP,"Indie rock, Pop rock",Clean,"Costa Mesa, CA",BC,,,,
Water Margin,Gleaming Cursed,March 21,LP,"Post-Hardcore, Emo Punk",Clean,"Vancouver, Canada",BC,,,,
Puñal,Buscando La Muerte,March 21,LP,Hardcore Punk,Clean,"Palma, Spain",BC,,,,
The Comancheros,A Decade in the Mirror,March 22,LP,"Country rock, Southern rock",Clean,"Columbia, MO",BC,,,,
Mazarine,Spiral,March 27,LP,"Dream Pop, Shoegaze",Clean,"Richmond, VA",BC,,,,
UTO,More Heat to the Fire Part of Fire,March 28,LP,"Art Pop, Trip Hop, Indietronica",Clean,"Paris, France",BC,,,,
Backxwash,Only Dust Remains,March 28,LP,"Industrial Hip Hop, Hardcore Hip Hop, Rap rock",Clean,"Montréal, Canada",BC,,,,
Lehto,Sisu,March 28,LP,"Alternative R&B, Electronica, Soul",Clean,Germany,BC,,,,
Whitney Johnson & Lia Kohl,For Translucence,March 28,LP,"Ambient, Electroacoustic, Drone",Instrumental,"Chicago, IL",BC,,,,
Unknown Mortal Orchestra,IC-02 Bogotá,March 28,LP,"Neo-Psychedelia, Psychedelic rock, Hypnagogic Pop",Instrumental,"Portland, OR",BC,,,,
Jessie Frye,Otherworld,March 28,LP,Synthpop,Clean,"Texas, TX",BC,,,,
The Orchestra (For Now),Plan 75,March 28,EP,"Prog-rock, Art rock, Post-Hardcore",Mixed,"London, UK",BC,,,,
IQ,Dominion,March 28,LP,"Prog-rock, Neo-Prog",Clean,"London, UK",,,,,
Orchards,Bicker,March 28,LP,"Indie Pop, Math Pop",Clean,"Brighton, UK",BC,,,,
Gloin,All of Your Anger is Actually Shame (And I Bet That Makes You Angry),March 28,LP,Noise rock,Clean,"Toronto, Canada",BC,,,,
SPELLLING,Portrait of My Heart,March 28,LP,"Art rock, Art Pop",Clean,"Oakland, CA",BC,,,,
Korine,A Flame In The Dark,March 28,LP,"Alt-Pop, Post-Punk, Synthpop",Clean,"Philadelphia, PA",BC,,,,
The Darkness,Dreams on Toast ,March 28,LP,"Glam rock, Pop rock, Hard rock",Clean,UK,BC,,,,
Great Grandpa,"Patience, Moonbeam",March 28,LP,"Indie rock, Dream Pop, Midwest Emo",Clean,"Seattle, WA",BC,,,,
Dean Wareham,That's the Price of Loving Me,March 28,LP,"Singer-Songwriter, Indie rock, Alt-Country",Clean,"Los Angeles, CA",BC,,,,
Destroyer,Dan's Boogie,March 28,LP,"Art Pop, Trip Hop, Indie Pop",Clean,"Vancouver, Canada",BC,,,,
Bria Salmena,Big Dog,March 28,LP,"Post-Punk, Indie rock, Shoegaze",Clean,"Toronto, Canada",BC,,,,
Population II,Maintenant Jamais,March 28,LP,"Prog-rock, Psychedelic rock",Clean,"Montreal, Canada",BC,,,,
Fusilier,Ambush,March 28,LP,"Alternative R&B, Afro-Funk",Clean,"Brooklyn, NY",BC,,,,
Perfume Genius,Glory,March 28,LP,"Singer-Songwriter, Art rock, Indie Pop",Clean,"Los Angeles, CA",BC,,,,
CocoRosie,Little Death Wishes,March 28,LP,"Art Pop, Experimental Hip Hop, Folktronica",Clean,"Los Angeles, CA",BC,,,,
OHYUNG,You Are Always On My Mind,March 28,LP,"Avant-Pop, Trip Hop",Clean,"Brooklyn, NY",BC,,,,
Sam Akpro,Evenfall,March 28,LP,"Post-Punk, Alt-rock, Dub",Clean,"London, UK",BC,,,,
Butcher Brown,Letters From The Atlantic,March 28,LP,"Jazz Rap, Neo-Soul, Funk",Clean,"Richmond, VA",BC,,,,
Mess Esque,"Jay Marie, Comfort Me",March 28,LP,"Slowcore, Avant-Folk",Clean,Australia,BC,,,,
Eiko Ishibashi,Antigone,March 28,LP,"Chamber Pop, Art Pop",Clean,"Tokyo, Japan",BC,,,,
Yukimi,For You,March 28,LP,"Singer-Songwriter, Alt-Pop, Soul",Clean,"Gothenburg, Sweden",BC,,,,
The Sure Fire Soul Ensemble,Gemini,March 28,LP,"Jazz Funk, Soul",Instrumental,"San Diego, CA",BC,,,,
NYX,NYX,March 28,LP,"Electronic, Choral, Ambient",Clean,"London, UK",BC,,,,
Hannah Cohen,Earthstar Mountain,March 28,LP,"Singer-Songwriter, Indie Pop, Folk Pop",Clean,"New York, NY",BC,,,,
Niis,Niis World,March 28,LP,"Alt-rock, Punk rock, Grunge",Clean,"Los Angeles, CA",BC,,,,
Greenleaf,Revolution Rock Deluxe,March 28,LP,Stoner rock,Clean,"Borlänge, Sweden",BC,,,,
Jivebomb,Ethereal,March 28,LP,Hardcore Punk,Harsh,"Baltimore, MD",BC,,,,
Use Knife,État Coupable,March 28,LP,"Darkwave, Post-Industrial, Electronic",Clean,Belgium,BC,,,,
Unrest,Perfect Teeth (30th Anniversary),March 28,LP,"Indie rock, Indie Pop",Clean,"Washington, DC",BC,,,,
Vulvarine,Fast Lane,March 28,LP,"Hard rock, Punk rock",Clean,"Vienna, Austria",BC,,,,
Girlpuppy,Sweetness,March 28,LP,"Indie Pop, Indie rock",Clean,"Atlanta, GA",BC,,,,
Sacred Paws,Jump Into Life,March 28,LP,"Indie Pop, Indie rock, Afro-rock",Clean,"Glasgow, Scotland",BC,,,,
Blended Brew,Roll The Dice,March 28,LP,"Hard rock, Stadium rock",Clean,"Copenhagen, Denmark",BC,,,,
New Aesthetic,A Life in the Arts,March 28,LP,"Alt-rock, Pop Punk",Clean,"Los Angeles, CA",BC,,,,
Masters of Reality,The Archer,March 28,LP,"Hard rock, Blues rock, Alt-rock",Clean,"Syracuse, NY",BC,,,,
Susto Stringband,Volume One,March 28,LP,"Indie rock, Americana, Indie Folk",Clean,"Charleston, SC",BC,,,,
V.V.I.A.,I Knew You Before We Met,March 28,LP,"Post-Punk, Synthwave",Clean,"Athens, Greece",BC,,,,
Stuart Pearce,All This Vast Overproduction,March 28,LP,"Post-Punk, Indie rock",Clean,"Nottingham, UK",BC,,,,
Von Masse,Coil,March 28,LP,"Dream Pop, Psychedelic rock, Shoegaze",Clean,"Salt Lake City, UT",BC,,,,
Beverly Kills,Wishing Well,March 28,LP,"Post-Punk Revival, Indie Pop",Clean,"Gothenburg, Sweden",BC,,,,
Dead Meadow,Voyager To Voyager,March 28,LP,Psychedelic rock,Clean,"Los Angeles, CA",BC,,,,
Dan Meyer,Kneeling,March 28,LP,"Indie rock, Atmospheric Black metal",Mixed,"Los Angeles, CA",BC,,,,
Postcards,Ripe,March 28,LP,"Dream Pop, Indie rock, Indie Folk",Clean,"Beirut, Lebanon",BC,,,,
Yama / L'Ira del Baccano ,Tempus Deorum,March 28,EP,"Stoner rock, Psychedelic rock",Clean,Netherlands / Italy,BC,,,,
aya,hexed!,March 28,LP,"Deconstructed Club, Glitch Hop, UK Bass",Clean,"London, UK",BC,,,,
Din of Celestial Birds,Live at dunk!fest2024,March 28,LP,Post-rock,Instrumental,"Leeds, UK",BC,,,,
Desert Smoke,Desert Smoke,March 28,LP,"Stoner rock, Heavy Psych",Instrumental,"Lisbon, Portugal",BC,,,,
Sasha Berliner,Fantôme,March 28,LP,"Contemporary Jazz, Progressive Jazz",Instrumental,"Los Angeles, CA",BC,,,,
Twings,There's A Dark Sky,April 1,LP,"Post-Punk, Darkwave",Clean,"Baltimore, MD",BC,,,,
Imaginaerium,The Siege,April 1,LP,"Prog-rock, Symphonic Prog, Rock Opera",Clean,UK,BC,,,,
Trigger Cut,A History of Junk,April 1,LP,Noise rock,Clean,Germany,BC,,,,
Bagorah,Parabnormal,April 1,LP,Prog-rock,Clean,US / Canada,BC,,,,
Slung,IN WAYS,April 2,LP,"Stoner rock, Alt-rock, Shoegaze",Clean,"Brighton, UK",BC,,,,
Michael Grigoni * Pan•American,"New World, Lonely Ride",April 2,LP,"Ambient, Electroacoustic, Dub, Americana",Instrumental,US,BC,,,,
The Elven,Solstice,April 3,LP,"Psychedelic rock, Alt-rock, Southern rock",Clean,"Barcelona, Spain",BC,,,,
Solstice,Clann,April 4,LP,"Prog-rock, Neo-Prog",Clean,UK,BC,,,,
Touchdown Jesus,It’s All Feast Or Famine,April 4,EP,"Experimental rock, Art rock",Clean,"Cincinnati, OH",BC,,,,
Lost Crowns,The Heart Is In The Body,April 4,LP,"Prog-rock, Avant-Prog",Clean,"London, UK",BC,,,,
Snooze,I Know How You Will Die,April 4,LP,"Prog-rock, Math rock, Post-Hardcore",Clean,"Chicago, IL",,,,,
Sweet Williams,Four Five,April 4,LP,"Post-Hardcore, Post-Punk, Slowcore",Clean,"Brighton, UK",BC,,,,
L.A. Witch,DOGGOD,April 4,LP,"Garage Rock Revival, Indie Surf",Clean,"Los Angeles, CA",BC,,,,
A-Sun Amissa,We Are Not Our Dread,April 4,LP,"Post-rock, Ambient, Drone",Instru./Clean,"Leeds, UK",BC,,,,
Moon Destroys,She Walks By Moonlight,April 4,LP,"Prog-rock, Stoner rock, Heavy Psych",Clean,"Atlanta, GA",BC,,,,
Elton John & Brandi Carlile,Who Believes In Angels?,April 4,LP,"Pop rock, Piano rock",Clean,UK / US,,,,,
McStine & Minnemann,III,April 4,LP,Prog-rock,Clean,"New York, NY",BC,,,,
Gloria,III,April 4,LP,"Psychedelic rock, Psychedelic Pop",Clean,"Lyon, France",BC,,,,
Panchiko,Ginkgo,April 4,LP,"Indietronica, Dream Pop",Clean,"Nottingham, UK",BC,,,,
"Black Country, New Road",Forever Howlong,April 4,LP,"Progressive Pop, Art rock, Windmill Scene",Clean,"London, UK",BC,,,,
Momma,Welcome to My Blue Sky,April 4,LP,"Indie rock, Alt-rock, Power Pop",Clean,"Brooklyn, NY",BC,,,,
Glare,Sunset Funeral,April 4,LP,"Dream Pop, Shoegaze",Clean,"Texas, TX",BC,,,,
Hiromi,OUT THERE,April 4,LP,"Jazz Fusion, Post-Bop",Instrumental,"New York, NY",BC,,,,
Orchidae,True Beginning,April 4,LP,Avant-Pop,Clean,"Gatineau, Canada",BC,,,,
Florist,Jellywish,April 4,LP,"Indie Folk, Ambient rock",Clean,"Brooklyn, NY",BC,,,,
Lo-Pan,Get Well Soon,April 4,LP,Stoner rock,Clean,"Columbus, OH",BC,,,,
Mekons,Horror,April 4,LP,"Post-Punk, Indie rock",Clean,"Chicago, IL",BC,,,,
Σtella,Adagio,April 4,LP,Indie Pop,Clean,"Athens, Greece",BC,,,,
Miki Berenyi Trio,Tripla,April 4,LP,Dream Pop,Clean,"London, UK",BC,,,,
SYML,Nobody Lives Here,April 4,LP,"Singer-Songwriter, Folk Pop",Clean,"Seattle, WA",BC,,,,
Isolated Youth,Miserere Mei,April 4,LP,Post-Punk,Clean,"Stockholm, Sweden",BC,,,,
Don Bolo,UMMA,April 4,LP,"Avant-Prog, Art Punk",Instru./Mixed,Ecuador,BC,,,,
Emefe,Forward,April 4,LP,"Afrobeat, Jazz-Funk",Instru./Clean,"New York, NY",BC,,,,
The Underground Youth,D​é​collage,April 4,LP,"Post-Punk, Gothic rock, Neo-Psychedelia",Clean,"Berlin, Germany",BC,,,,
Brown Horse,All The Right Weaknesses,April 4,LP,"Alt-Country, Country rock",Clean,"Norwich, UK",BC,,,,
Scowl,Are We All Angels,April 4,LP,"Alt-rock, Hardcore Punk",Mixed,"Santa Cruz, CA",BC,,,,
Marlon Williams,Te Whare Tīwekaweka,April 4,LP,"Singer-Songwriter, Indie Pop, Alt-Country",Clean,"Melbourne, Australia",BC,,,,
Lily Seabird,Trash Mountain,April 4,LP,"Singer-Songwriter, Alt-Country, Folk rock",Clean,"Burlington, VT",BC,,,,
Index for Working Musik,Which Direction Goes The Beam,April 4,LP,"Post-Punk, Art rock, Indie rock",Clean,"London, UK",BC,,,,
Buck Gooter,King Kong Lives: Thereminsanity,April 4,LP,"Noise rock, Post-Punk, Electronic rock",Clean,"Harrisonburg, VA",BC,,,,
The Nightingales,The Awful Truth,April 4,LP,"Post-Punk, Indie rock",Clean,"Birmingham, UK",BC,,,,
Maz,NPC,April 4,EP,Alt-Pop,Clean,"Logan, UT",BC,,,,
Anika,Abyss,April 4,LP,"Post-Punk, Art Punk",Clean,"Berlin, Germany",BC,,,,
HxH,Stark Phenomena,April 4,LP,"Electroacoustic, Improv",Clean,"New York, NY",BC,,,,
Air Drawn Dagger,A Guide For Apparitions,April 4,LP,"Alt-rock, Electronic, Post-Grunge",Clean,"Sheffield, UK",BC,,,,
Hüma Utku,Dracones,April 4,LP,"Dark Ambient, Post-Industrial, Electronic",Instrumental,"Berlin, Germany",BC,,,,
The Ophelias,Spring Grove,April 4,LP,"Indie Pop, Chamber Pop",Clean,"Cincinnati, OH",BC,,,,
Mannequin Death Squad,Wise and Dangerous,April 4,LP,Alt-Punk,Clean,"Melbourne, Australia",BC,,,,
Stranded Horse,The Warmth You Deserve (with Boubacar Cissokho),April 4,LP,"Singer-Songwriter, Contemporary Folk",Clean,"Granville, France",BC,,,,
Babebee,All That Heaven Allows,April 4,LP,"Dream Pop, Alt-Pop",Clean,"Atlanta, GA",BC,,,,
Sleigh Bells,Bunky Becky Birthday Boy,April 4,LP,"Electropop, Noise Pop",Clean,"New York, NY",,,,,
FL MAN,Plastique,April 4,LP,"Post-Hardcore, Noise rock",Mixed,"Charleston, SC",BC,,,,
Volena,Volena,April 4,EP,"Indie rock, Folk Pop",Clean,"Brooklyn, NY",BC,,,,
Dalila Kayros,Khthonie,April 4,LP,"Art Pop, Post-Industrial",Clean,Italy,BC,,,,
Heaven,Dream Aloud,April 4,LP,"Indie rock, Shoegaze",Clean,"New York, NY",BC,,,,
Marlon Williams,Te Whare Tīwekaweka,April 4,LP,"Indie Pop, Alt-Country, Māori",Clean,"Melbourne, Australia",BC,,,,
Sundowner,Work Dream,April 4,LP,"Hardcore Punk, Noise rock",Harsh,"Toronto, Canada",BC,,,,
Lea Maria Fries,CLEO,April 4,LP,"Alt-Jazz, Contemporary R&B",Clean,Switzerland,BC,,,,
De Press,Harnaś uż ie żyje,April 4,LP,"Post-Punk, Alt-rock, New Wave",Clean,"Jabłonka, Poland",BC,,,,
DRUUGG,Lost,April 4,LP,"Garage rock, Noise rock, Psychedelic rock",Clean,Belgium,BC,,,,
Keeley Forsyth & Matthew Bourne,Hand To Mouth,April 4,EP,"Art Pop, Post-Minimalism, Modern Classical",Clean,UK,BC,,,,
Ora Cogan,Bury Me,April 4,EP,"Singer-Songwriter, Contemporary Folk, Art Pop",Clean,"Vancouver, Canada",BC,,,,
Record Setter,Evoke Invoke,April 4,EP,"Screamo, Midwest Emo",Harsh,"Denton, TX",BC,,,,
Kaschalot,Anemoia,April 8,LP,"Post-rock, Math rock",Instrumental,"Tallinn, Estonia",BC,,,,
Cold Specks,Light for the Midnight,April 9,LP,"Singer-Songwriter, Indie Folk, Soul Jazz",Clean,"Toronto, Canada",BC,,,,
Vōx,All My Best Friends Are Ghosts,April 9,LP,"Avant-Pop, Alternative R&B",Clean,"Los Angeles, CA",BC,,,,
Glass Hammer,Rogue,April 11,LP,"Prog-rock, Symphonic Prog",Clean,"Florida, FL",BC,,,,
Bjørn Riis,Fimbulvinter,April 11,LP,Prog-rock,Clean,"Oslo, Norway",BC,,,,
Bon Iver,"SABLE, fABLE",April 11,LP,"Singer-Songwriter, Indie Folk, Chamber Folk",Clean,"Eau Claire, WI",BC,,,,
Sons of Ra,Standard Deviation,April 11,LP,"Prog-rock, Jazz rock",Instrumental,"Chicago, IL",BC,,,,
The Mars Volta,Lucro sucio; Los ojos del vacío,April 11,LP,"Prog-rock, Art rock, Latin Pop",Clean,"Los Angeles, CA",,,,,
Magnolia Park,VAMP,April 11,LP,"Pop Punk, Post-Hardcore",Clean,"Orlando, FL",BC,,,,
Yasmin Nur,Slaughter,April 11,LP,"Alt-rock, Indie rock",Clean,"Wichita, KS",BC,,,,
Last Leaf Down,Weight Of Silence,April 11,LP,"Post-rock, Shoegaze",Clean,Switzerland,BC,,,,
Kills Birds,Crave,April 11,EP,"Indie rock, Grunge",Clean,"Los Angeles, CA",BC,,,,
Tara Nome Doyle,Ekko,April 11,LP,"Singer-Songwriter, Chamber Pop, Neoclassicism",Clean,"Berlin, Germany",BC,,,,
Headphone Jacks,Discipline,April 11,LP,"Alt-rock, Garage rock, Desert rock",Clean,"Helsinki, Finland",BC,,,,
Church of the Sea,Eva,April 11,LP,Doomgaze,Clean,"Athens, Greece",BC,,,,
Komatsu,A Breakfast For Champions,April 11,LP,Stoner rock,Clean,"Eindhoven, Netherlands",BC,,,,
Scrounge,Almost Like You Could,April 11,LP,"Indie rock, Post-Punk",Clean,"London, UK",BC,,,,
Dead Pioneers,PO$T AMERICAN,April 11,LP,Hardcore Punk,Clean,"Denver, CO",BC,,,,
Kuunatic,Wheels of Ömon,April 11,LP,"Experimental rock, Psychedelic rock",Clean,"Tokyo, Japan",BC,,,,
Living Stilts,A Child,April 11,LP,Prog-rock,Clean,Italy,BC,,,,
Storm Orchestra,Get Better,April 11,LP,"Alt-rock, Post-Hardcore",Clean,"Paris, France",BC,,,,
Ye Banished Privateers,Til the Sea Shall Give Up Her Dead,April 11,LP,"Folk rock, Sea Shanty",Clean,Sweden,BC,,,,
Valerie June,"Owls, Omens, and Oracles",April 11,LP,"Alt-Country, R&B Soul, Americana",Clean,"Memphis, TN",BC,,,,
Daughter of Swords,Alex,April 11,LP,"Art Pop, Indie Pop",Clean,"Durham, NC",BC,,,,
Nell Smith,Anxious,April 11,LP,Indie Pop,Clean,Canada,BC,,,,
Loins,Afterglow,April 11,LP,"Noise rock, Post-Punk",Clean,"Helsinki, Finland",BC,,,,
Mamalarky,Hex Key,April 11,LP,"Indie rock, Psychedelic Pop, Neo-Psychedelia",Clean,"Los Angeles, CA",BC,,,,
Ribbon Skirt,Bite Down,April 11,LP,Post-Punk,Clean,"Montreal, Canada",BC,,,,
Fomies,Liminality,April 11,LP,"Psychedelic rock, Garage rock, Fuzz",Clean,"Vevey, Switzerland",BC,,,,
Unstable Shapes,Delicate Machinery,April 11,LP,"Post-Hardcore, Post-Punk",Clean,"Minneapolis, MN",BC,,,,
Tapeworms,Grand Voyage,April 11,LP,"Electropop, Glitch Bitpop, Shoegaze",Clean,France / Japan,BC,,,,
Quantum Trio,No Way Out,April 11,LP,"Progressive Jazz, Jazzcore, Modern Jazz",Instrumental,"Gdańsk, Poland",BC,,,,
Monomonaco,Yeah Yeah,April 11,LP,"Punk rock, Post-Punk",Clean,"Kassel, Germany",BC,,,,
Middle-Aged Queers,Theatre of Shame,April 11,LP,Punk rock,Clean,"Oakland, CA",BC,,,,
Wayside,Dusk to Dawn,April 11,LP,"Hard rock, Classic rock",Clean,"Minneapolis, MN",BC,,,,
Set Dressing,I Can't Be Alone Tonite,April 11,EP,"Post-Punk, Synth Punk, Darkwave",Instrumental,"Manchester, UK",BC,,,,
Mika Häkki,Mørker,April 11,LP,Alt-Country,Clean,"Gothenburg, Sweden",BC,,,,
Giants Chair,Red and Clear (30th Anniversary Edition),April 11,LP,"Post-Hardcore, Midwest Emo",Clean,"Kansas City, MO",BC,,,,
The Jesus Lizard,FLUX,April 12,EP,"Noise rock, Post-Hardcore, Pigfuck",Clean,"Chicago, IL",,,,,
Tiernan,The Ribbon Songs,April 14,LP,"Slowcore, Indie Folk",Clean,"London, UK",BC,,,,
Buzzard,Mean Bone,April 15,LP,"Stoner rock, Alt-Folk, Doom metal",Clean,"Montague, MA",BC,,,,
Ekzilo,Quantum Phase Transition,April 18,LP,Prog-rock,Instru./Clean,Spain,BC,,,,
Thisquietarmy,Langue Hybride,April 18,LP,"Post-rock, Drone metal",Instrumental,"Montréal, Canada",BC,,,,
Blackwater Holylight,If You Only Knew,April 18,EP,"Psychedelic rock, Stoner rock",Clean,"Portland, OR",BC,,,,
Superheaven,Superheaven,April 18,LP,"Alt-rock, Post-Grunge, Shoegaze",Clean,"Doylestown, PA",BC,,,,
My Wife's An Angel,"Yeah, I Bet",April 18,LP,Noise rock,Clean,"Philadelphia, PA",BC,,,,
King Garcia,Hamelin,April 18,LP,"Prog-rock, Post-rock, Folk",Instrumental,Greece,BC,,,,
Iron Lung,Adapting // Crawling,April 18,LP,"Powerviolence, Hardcore Punk",Harsh,"Seattle, WA",BC,,,,
Julien Baker & TORRES,Send A Prayer My Way,April 18,LP,"Indie rock, Indie Folk, Art Pop",Clean,US,BC,,,,
Heavy Lungs,Caviar,April 18,LP,"Post-Punk, Garage rock",Clean,"Bristol, UK",BC,,,,
The Convenience,Like Cartoon Vampires,April 18,LP,"Post-Punk, Indie Pop",Clean,"New Orleans, LA",BC,,,,
MIEN,MIIEN,April 18,LP,"Neo-Psychedelia, Psychedelic rock, Electronic",Clean,International,BC,,,,
Little Barrie,Electric War,April 18,LP,"Garage rock, Blues rock, Soul",Clean,"London, UK",BC,,,,
As It Is,"Never Happy, Ever After X",April 18,LP,Pop-Punk ,Clean,"Brighton, UK",,,,,
Benzo Queen,No Gods No Masters No Sleeves,April 18,LP,"Noise rock, Punk",Clean,"Bristol, UK",BC,,,,
Tunde Adebimpe,Thee Black Boltz,April 18,LP,Art Pop,Clean,"Los Angeles, CA",BC,,,,
Cumulus,We've Got It All,April 18,LP,"Indie rock, Power Pop",Clean,"Seattle, WA",BC,,,,
Ukandanz,Evil Plan የክፋት እቅድ,April 18,LP,"Ethio-Jazz, Jazz rock",Clean,Ethiopia,BC,,,,
Quade,The Foel Tower,April 18,LP,"Post-rock, Ambient",Clean,"Bristol, UK",BC,,,,
Sunnbrella,Gutter Angel,April 18,LP,"Hyperpop, Dream Pop, Shoegaze",Clean,"London, UK",BC,,,,
Mamuthones,From Word to Flesh,April 18,LP,"Psychedelic rock, Krautrock",Clean,Italy,BC,,,,
Datura,Songs From A Dark House,April 18,LP,"Post-Punk, Darkwave, Gothic rock",Clean,"Wenatchee, WA",BC,,,,
Gentle Leader XIV,Joke in the Shadow,April 18,LP,"Dream Pop, Synthwave, Post-Punk",Clean,"Ohio, OH",BC,,,,
Brass Camel,Camel,April 19,LP,"Prog-rock, Hard rock",Clean,"Vancouver, Canada",,,,,
Immortal Onion,Technaturalism,April 19,LP,"Progressive Jazz, Nu-Jazz",Instrumental,"Gdańsk, Poland",BC,,,,
Cantrips,From A Darebin Cave,April 20,LP,"Psychedelic Pop, Indie rock, Folk",Clean,"Melbourne, Australia",BC,,,,
Glamper,Happy,April 20,LP,Garage rock,Clean,"Nashville, TN",BC,,,,
Nova Cascade,Box Man,April 21,LP,Prog-rock,Clean,UK,BC,,,,
Widetrack,Galatea,April 23,LP,"Prog-rock, Alt-rock",Clean,"Michigan, MI",BC,,,,
Bank Myna,Eimuria,April 25,LP,"Post-rock, Doomgaze",Clean,"Paris, France",BC,,,,
Fire Garden,Parallel Visions,April 25,LP,Prog-rock,Clean,"Chicago, IL",BC,,,,
Ghost,Skeletá,April 25,LP,"Hard rock, AOR",Clean,"Linköping, Sweden",BC,,,,
Temple Fang,Lifted From the Wind,April 25,LP,Psychedelic rock,Clean,"Amsterdam, Netherlands",,,,,
Cosmic Cathedral,Deep Water,April 25,LP,Prog-rock,Clean,US,BC,,,,
Oak,The Third Sleep,April 25,LP,Prog-rock,Clean,"Oslo, Norway",BC,,,,
Goose,Everything Must Go,April 25,LP,"Indie rock, Art rock, Jam Band",Clean,"Norwalk, CT",,,,,
BRUIT ≤,The Age Of Ephemerality,April 25,LP,"Post-rock, Ambient, Modern Classical",Instrumental,"Toulouse, France",BC,,,,
Penfriend,House Of Stories,April 25,LP,"Alt-Pop, Indie rock",Clean,"Nottingham, UK",,,,,
Samia,Bloodless,April 25,LP,"Singer-Songwriter, Indie Pop, Indie Folk",Clean,"New York, NY",BC,,,,
Earl of Hell,Earl of Hell,April 25,LP,Stoner rock,Clean,"Edinburgh, Scotland",BC,,,,
Floral Image,Gone Down Meadowland,April 25,LP,Psychedelic rock,Clean,"Norwich, UK",BC,,,,
Sunflower Bean,Mortal Primetime,April 25,LP,"Indie Pop, Alt-rock",Clean,"Brooklyn, NY",BC,,,,
Emma-Jean Thackray,Weirdo,April 25,LP,"Soul Pop, Nu Jazz, Funk, Fusion",Clean,"London, UK",BC,,,,
Johnny Maraca & The Marockers,Little Heart,April 25,LP,"Garage rock, Indie rock",Clean,"Oakland, CA",BC,,,,
The Tisburys,A Still Life Revisited,April 25,LP,"Power Pop, Heartland rock",Clean,"Philadelphia, PA",BC,,,,
Hector Gachan,Untitled '91 (Deluxe Edition),April 25,LP,Indie Pop,Clean,"Sydney, Australia",BC,,,,
Patrick Wolf,Crying The Neck,April 25,LP,"Singer-Songwriter, Art Pop, Folktronica",Clean,"London, UK",,,,,
Beach Bunny,Tunnel Vision,April 25,LP,"Power Pop, Indie rock",Clean,"Chicago, IL",BC,,,,
Rebekka Karijord,The Bell Tower,April 25,LP,"Singer-Songwriter, Art Pop, Chamber Pop",Clean,"Stockholm, Sweden",BC,,,,
Hannah Rose Platt,Fragile Creatures,April 25,LP,"Singer-Songwriter, Art rock, Alt-Folk",Clean,"London, UK",BC,,,,
William Tyler,Time Indefinite,April 25,LP,"American Primitivism, Ambient Americana, Electronic",Instrumental,"Los Angeles, CA",BC,,,,
Cloth,Pink Silence,April 25,LP,"Dream Pop, Indie Pop",Clean,"Glasgow, Scotland",BC,,,,
LOWMOON,Cathedrals,April 25,LP,"Post-Punk, Dream Pop, Shoegaze",Clean,UK,BC,,,,
The Riven,Visions of Tomorrow,April 25,LP,"Hard rock, Heavy metal, Psychedelic rock",Clean,"Stockholm, Sweden",BC,,,,
"Màiri Morrison, Alasdair Roberts and Pete Johnston",Remembered in Exile: Songs and Ballads from Nova Scotia,April 25,LP,"Traditional Folk, Gaelic",Clean,"Glasgow, Scotland",BC,,,,
Monk,Dark Side of the Mind,April 25,LP,Hardcore Punk,Harsh,"Los Angeles, CA",BC,,,,
Wishy,Planet Popstar,April 25,EP,"Noise Pop, Indie rock, Shoegaze",Clean,"Indianapolis, IN",BC,,,,
Maria Somerville,Luster,April 25,LP,"Ambient Pop, Dream Pop",Clean,"Galway, Ireland",BC,,,,
Jensen McRae,I Don't Know How But They Found Me!,April 25,LP,"Singer-Songwriter, Folk Pop, Alt-Pop",Clean,"Los Angeles, CA",BC,,,,
Five Hundred Bucks,Pest Sounds,April 25,LP,Punk rock,Clean,"Philadelphia, PA",BC,,,,
fib,Heavy Lifting,April 25,LP,Post-Punk,Clean,"Philadelphia, PA",BC,,,,
Robin Trower,Come And Find Me,April 25,LP,"Blues rock, Hard rock",Clean,UK,BC,,,,
Colin Miller,Losin',April 25,LP,"Indie Folk, Alt-Country",Clean,"Asheville, NC",BC,,,,
Billow Observatory,The Glass Curtain,April 25,LP,Ambient,Instrumental,"Detroit, MI",BC,,,,
Natural Information Society and Bitchin Bajas,Totality,April 25,LP,"Free Improv, Drone, Jazz",Instrumental,US,BC,,,,
Trevor Beld Jimenez,Wilton Place,April 25,LP,"Soft rock, Alt-Country",Clean,"Riverside, CA",BC,,,,
Tithing,At the Mystery's End,April 25,LP,"Dark Folk, Psychedelic Folk",Clean,"Vancouver, Canada",BC,,,,
Nazar,Demilitarize,April 25,LP,"Kuduro, Post-Industrial, Deconstructed Club",Clean,"Amsterdam, Netherlands",BC,,,,
Miss Lava,Under a Black Sun,April 25,LP,Stoner rock,Clean,"Lisboa, Portugal",BC,,,,
La Flemme,La Fête,April 25,LP,"Garage rock, Psychedelic Pop",Clean,"Marseille, France",BC,,,,
Light-Space Modulator,The Rising Wave,April 25,LP,"Ambient Pop, Neo-Psychedelia, Tribal Ambient",Clean,UK,BC,,,,
Michael Woodman,Hiss of Today,April 26,LP,"Prog-rock, Art rock, Avant-Pop",Clean,"London, UK",BC,,,,
Chris Brokaw,Ghost Ship,April 28,LP,"Indie rock, Slowcore",Clean,"Cambridge, MA",BC,,,,
Jolie Laide,Creatures,April 30,LP,"Slowcore, Indie Pop",Clean,"Seattle, WA",BC,,,,
Thanya Iyer,TIDE/TIED,April 30,LP,Art Pop,Clean,"Montréal, Canada",BC,,,,
Moonsoon,East of Asteroid,May 2,LP,Prog-rock,Clean,"Bergen, Norway",,,,,
Turnover,Peripheral Vision (10 Year Anniversary Edition),May 2,LP,"Dream Pop, Indie rock",Clean,"Virginia Beach, VA",BC,,,,
Car Seat Headrest,The Scholars,May 2,LP,"Indie rock, Art rock, Noise Pop",Clean,"Seattle, WA",BC,,,,
Max Walker,Chronostasis,May 2,LP,"Prog-rock, Jazz Fusion",Instrumental,"Los Angeles, CA",BC,,,,
The Flower Kings,LOVE,May 2,LP,"Prog-rock, Symphonic Prog",Clean,Sweden,BC,,,,
Loscil,Lake Fire,May 2,LP,"Ambient Techno, Drone",Instrumental,"Vancouver, Canada",BC,,,,
Model/Actriz,Pirouette,May 2,LP,"Noise rock, Dance-Punk",Clean,"Brooklyn, NY",BC,,,,
PUP,Who Will Look After the Dogs?,May 2,LP,"Post-Hardcore, Pop Punk, Noise rock",Clean,"Toronto, Canada",BC,,,,
Blondshell,If You Asked For A Picture,May 2,LP,"Indie rock, Alt-rock, Alt-Pop",Clean,"Los Angeles, CA",BC,,,,
Lux Interna,New Wilderness Gospel,May 2,LP,"Dark Folk, Americana, Gothic",Clean,"San Francisco, CA",BC,,,,
Esther Rose,Want,May 2,LP,"Singer-Songwriter, Alt-Country, Folk rock",Clean,"Santa Fe, NM",BC,,,,
Mei Semones,Animaru,May 2,LP,"Progressive Pop, Chamber Pop, Jazz Pop",Clean,"Brooklyn, NY",BC,,,,
Lucius,Lucius,May 2,LP,"Alt-Pop, Dance Pop, Synth Funk",Clean,"Los Angeles, CA",BC,,,,
Tumble,Lost In Light,May 2,LP,"Psychedelic rock, Hard rock, Proto-metal",Clean,"Toronto, Canada",BC,,,,
Sally Potter,Anatomy,May 2,LP,"Singer-Songwriter, Contemporary Folk, Art rock",Clean,"London, UK",BC,,,,
Gringo Star,Sweethearts,May 2,LP,Indie rock,Clean,"Atlanta, GA",BC,,,,
Black Honey Cult,Black Honey Cult,May 2,LP,"Psychedelic rock, Post-Punk, Gothic rock",Clean,"Los Angeles, CA",BC,,,,
Kassi Valazza,From Newman Street,May 2,LP,"Singer-Songwriter, Progressive Country, Americana",Clean,"Portland, OR",BC,,,,
M Ross Perkins,"What's the Matter, M Ross?",May 2,LP,"Psychedelic Pop, Neo-Psychedelia",Clean,"Dayton, OH",BC,,,,
Club Night,Joy Coming Down,May 2,LP,"Indie rock, Math rock, Noise Pop",Clean,"Oakland, CA",BC,,,,
Oi Va Voi,The Water's Edge,May 2,LP,"Folk Pop, Alternative Dance",Clean,"London, UK",BC,,,,
Sextile,"yes, please.",May 2,LP,"Synth Punk, Dance-Punk",Clean,"Los Angeles, CA",BC,,,,
Lael Neale,Altogether Stranger,May 2,LP,"Singer-Songwriter, Indie Folk, Dream Pop",Clean,"Los Angeles, CA",BC,,,,
Pink Breath of Heaven,Colors Make a Sound,May 2,LP,"Dream Pop, Psychedelic rock, Shoegaze",Clean,"San Francisco, CA",BC,,,,
Jenny Hval,Iris Silver Mist,May 2,LP,"Art Pop, Folktronica, Neo-Psychedelia",Clean,"Oslo, Norway",BC,,,,
Eli Winter,A Trick of the Light,May 2,LP,Experimental Folk rock,Instrumental,"Chicago, IL",BC,,,,
Paco Cathcart,Down On Them,May 2,LP,"Bedroom Pop, Indie Folk, Folktronica",Clean,"Brooklyn, NY",BC,,,,
i'm being good,Shapeshitter,May 2,LP,"Avant-rock, Noise rock, Math rock",Clean,"London, UK",BC,,,,
Muito Kaballa,Tomorrow A Flower,May 2,LP,"Jazz Fusion, Global Groove",Clean,"Cologne, Germany",BC,,,,
Wife Patrol,NOPLACE,May 2,LP,Alt-rock,Clean,"Indianapolis, IN",BC,,,,
Shunkan,Kamikaze Girl,May 6,LP,"Noise Pop, Indie Pop, Slacker rock",Clean,"Los Angeles, CA",BC,,,,
Tonguecutter,Minnow,May 8,LP,"Punk rock, Riot Grrrl",Clean,"Muskegon, MI",BC,,,,
Mark Pritchard & Thom Yorke,Tall Tales,May 9,LP,"Ambient Pop, Glitch Pop, Electronic",Clean,UK,BC,,,,
Edensong,Our Road To Dust,May 9,LP,Prog-rock,Clean,"New York, NY",BC,,,,
Paralyzed,Rumble&Roar,May 9,LP,Stoner rock,Clean,"Bamberg, Germany",BC,,,,
Black Map,Hex,May 9,LP,Alt-rock,Clean,"San Francisco, CA",,,,,
Coast,Ember,May 9,LP,Jazz Fusion,Instrumental,"Sydney, Australia",BC,,,,
Mclusky,The World Is Still Here and So Are We,May 9,LP,"Post-Hardcore, Noise rock, Pigfuck",Mixed,"Bristol, UK",BC,,,,
Preoccupations,Ill At Ease,May 9,LP,Post-Punk,Clean,"Calgary, Canada",BC,,,,
Spacey Jane,If That Makes Sense,May 9,LP,Indie Pop,Clean,"Fremantle, Australia",BC,,,,
AVAWAVES,Heartbeat,May 9,LP,"Modern Classical, Neoclassicism",Instru./Clean,"London, UK",BC,,,,
Maia Friedman,Goodbye Long Winter Shadow,May 9,LP,"Singer-Songwriter, Indie Pop, Ambient Pop",Clean,"New York, NY",BC,,,,
MÍO,Hva nå?,May 9,LP,"Nordic Folk rock, Progressive Folk",Clean,"Oslo, Norway",BC,,,,
The Wonder Years,Burst and Decay (Volume III),May 9,EP,"Pop-Punk, Emo Pop",Clean,"Philadelphia, PA",BC,,,,
Bronson Arm,Casket Schwagg,May 9,LP,"Noise rock, Pigfuck",Clean,"Kalamazoo, MI",BC,,,,
Babe Lewis,Sunspot,May 9,LP,"Dream Pop, Shoegaze, Neo-Psychedelia",Clean,"Harrisonburg, VA",BC,,,,
Glowing Brain,Memory Distortion,May 9,LP,"Hardcore Punk, Punk rock",Harsh,"Oakland, CA",BC,,,,
No Windows,The Great Traitor,May 9,LP,Indie rock,Clean,"Edinburgh, Scotland",BC,,,,
Kicked In The Teeth,Watling Street Chambers,May 9,LP,Hardcore Punk,Clean,"Cheshire, UK",BC,,,,
Empty Bones,"Speed, Commitment and Luck",May 9,LP,"Garage rock, Surf rock",Clean,"Bremen, Germany",BC,,,,
Deradoorian,Ready For Heaven,May 9,LP,"Art Pop, Neo-Psychedelia, Progressive Pop",Clean,"Brooklyn, NY",BC,,,,
TVOD,Party Time,May 9,LP,Post-Punk,Clean,"Brooklyn, NY",BC,,,,
Sigillum S,"Aborted Towns, The Deadly Silence Before Utopia",May 9,LP,"Electronic, Industrial, Ritual Ambient",Instrumental,Italy,BC,,,,
Alien Boy,You Wanna Fade?,May 9,LP,"Indie rock, Shoegaze",Clean,"Portland, OR",BC,,,,
The Pond,A Year As A Cloud,May 9,LP,"Indie rock, Slowcore",Clean,"Butte, MT",BC,,,,
Adult Mom,Natural Causes,May 9,LP,"Singer-Songwriter, Indie Pop",Clean,"Purchase, NY",BC,,,,
Amanda Ekery,Árabe,May 9,LP,"Singer-Songwriter, Chamber Pop, Piano rock",Clean,"Boston, MA",BC,,,,
Their Eyes Were Flowers,Zeichnung,May 11,LP,Experimental rock,Clean,"Wellington, New Zealand",BC,,,,
Grails,Miracle Music,May 16,LP,"Experimental rock, Livetronica",Instrumental,"Portland, OR",BC,,,,
Steve Von Till,Alone In A World Of Wounds,May 16,LP,"Singer-Songwriter, Contemporary Folk, Ambient",Clean,"Oakland, CA",BC,,,,
Hooveriii,Manhunter,May 16,LP,"Psychedelic rock, Garage rock",Clean,"Los Angeles, CA",BC,,,,
Kal-El,Astral Voyager Vol. 1,May 16,LP,"Stoner rock, Stoner metal",Clean,"Stavanger, Norway",BC,,,,
Kadavar,I Just Want to Be a Sound,May 16,LP,"Stoner rock, Hard rock, Heavy Psych",Clean,"Berlin, Germany",,,,,
Arm's Length,There's A Whole World Out There,May 16,LP,"Pop-Punk, Emo",Clean,"Cleveland, Ohio",BC,,,,
Nytt Land,Songs of the Shaman,May 16,LP,"Nordic Folk Music, Dark Folk, Pagan",Clean,"Kalachinsk, Russia",BC,,,,
Ezra Furman,Goodbye Small Head,May 16,LP,"Indie rock, Art Pop",Clean,US,BC,,,,
Now,Now Does The Trick,May 16,LP,"Indie rock, Jangle Pop",Clean,"California, CA",BC,,,,
Triathalon,Funeral Music,May 16,LP,"Dream Pop, Slacker rock, Psychedelic Pop",Clean,"New York, NY",BC,,,,
Soot Sprite,Wield Your Hope Like A Weapon,May 16,LP,"Indie rock, Emo, Shoegaze",Clean,"Exeter, UK",BC,,,,
Ghost World,Armadillo Café,May 16,LP,"Indie rock, Indie Pop",Clean,Finland,,,,,
Yuno,Blest,May 16,LP,"Indie Pop, Neo-Soul, Alt-Pop",Clean,"Jacksonville, FL",BC,,,,
Tune-Yards,Better Dreaming,May 16,LP,"Art Pop, Indie Pop",Clean,"Oakland, CA",BC,,,,
Slow Mass,Low on Foot,May 16,LP,"Post-Hardcore, Emo",Clean,"Chicago, IL",BC,,,,
The High Water Marks,Consult the Oracle,May 16,LP,"Indie Pop, Power Pop, Slacker rock",Clean,"Grøa, Norway",BC,,,,
M(h)aol,Something Soft,May 16,LP,Post-Punk,Clean,"Dublin, Ireland",BC,,,,
Friendship,Caveman Wakes Up,May 16,LP,"Alt-Country, Indie rock",Clean,"Philadelphia, PA",BC,,,,
Carmel Smickersgill,Unsolicited Advice,May 16,LP,"Art Pop, Progressive Electronic",Clean,"Manchester, UK",BC,,,,
Carson,When Gods Know Why,May 19,LP,"Stoner rock, Psychedelic rock",Clean,"Luzern, Switzerland",BC,,,,
Lana Del Rey,The Right Person Will Stay,May 21,LP,Dream Pop,Clean,United States,,,,,
Cosmograf,The Orphan Epoch,May 23,LP,"Prog-rock, Neo-Prog",Clean,"Waterlooville, UK",,,,,
Sparks,MAD!,May 23,LP,"Art Pop, Synthpop, Progressive Pop",Clean,"Los Angeles, CA",,,,,
Turtle Skull,Being Here,May 23,LP,"Stoner rock, Psychedelic rock",Clean,"Sydney, Australia",BC,,,,
Witchcraft,Idag,May 23,LP,"Stoner rock, Hard rock, Heavy Psych",Clean,Sweden,BC,,,,
Sophia Kennedy,Squeeze Me,May 23,LP,"Art Pop, Indie Pop",Clean,"Hamburg, Germany",BC,,,,
The Discussion,All the Pretty Flowers,May 23,LP,"Post-Punk, Gothic rock, New Wave",Clean,"Los Angeles, CA",BC,,,,
Emptyset,Dissever,May 23,LP,"Power Noise, Minimal Techno, Post-Industrial",Instrumental,"Bristol, UK",BC,,,,
Pachyman ,Another Place,May 23,LP,"Latin Alternative, Dub",Clean,"Los Angeles, CA",BC,,,,
Cool Sounds,Party Punisher,May 23,LP,"Indie Pop, Jangle Pop",Clean,"Melbourne, Australia",BC,,,,
Thalia Zedek Band,The Boat Outside Your Window,May 23,LP,"Indie rock, Alt-rock",Clean,"Boston, MA",BC,,,,
These New Puritans,Crooked Wing,May 23,LP,Art rock,Clean,UK,BC,,,,
Lou Tides,Autostatic!,May 23,LP,"Synthpop, Electronic rock",Clean,"Brooklyn, NY",BC,,,,
Florry,Sounds Like...,May 23,LP,Alt-Country,Clean,"Philadelphia, PA",BC,,,,
Charmer,Downpour,May 23,LP,"Midwest Emo, Pop Punk",Clean,"Marquette, MI",BC,,,,
Black Market Karma,Mellowmaker,May 26,LP,Psychedelic rock,Clean,"Dover, UK",BC,,,,
Kusanagi,Paramnesia,May 28,LP,"Math rock, Post-rock",Instrumental,"Liverpool, UK",BC,,,,
Ty Segall,Possession,May 30,LP,"Garage rock, Glam rock",Clean,"Los Angeles, CA",BC,,,,
Yeule,Evangelic Girl is a Gun,May 30,LP,"Art Pop, Glitch Pop, Chillwave",Clean,"London, UK",BC,,,,
Garbage,Let All That We Imagine Be The Light,May 30,LP,"Alt-rock, Post-Grunge, Trip Hop",Clean,"Madison, WI",,,,,
Shura,I Got Too Sad For My Friends,May 30,LP,"Indie Pop, Sophisti-Pop, Alt-Pop",Clean,"Brooklyn, NY",BC,,,,
Swans,Birthing,May 30,LP,Post-Rock,Clean,"New York, NY",,,,,
Amy Millan,I Went To Find You,May 30,LP,"Singer-Songwriter, Alt-Country, Contemporary Folk",Clean,"Montréal, Canada",BC,,,,
Indifferent Engine,Speculative Fiction,May 30,LP,Post-Hardcore,Mixed,UK,BC,,,,
MRCY,Volume 2,May 30,LP,"Alternative R&B, Soul",Clean,UK,BC,,,,
New Candys,The Uncanny Extravaganza,May 30,LP,"Psychedelic rock, Neo-Psychedelia",Clean,"Venice, Italy",BC,,,,
Miynt,Rain Money Dogs,May 30,LP,"Indie rock, Neo-Psychedelia",Clean,"Stockholm, Sweden",BC,,,,
Mara Simpson,Living Matter,May 30,LP,"Singer-Songwriter, Neoclassical, Electronic",Instru./Clean,"Stroud, UK",BC,,,,
kathryn joseph,We Were Made Prey.,May 30,LP,"Singer-Songwriter, Art Pop",Clean,"Glasgow, Scotland",BC,,,,
Sally Shapiro,Ready To Live A Lie,May 30,LP,"Synthpop, Italo-Disco",Clean,"Lund, Sweden",,,,,
Léa Sen,Levels,May 30,LP,Indie Pop,Clean,"London, UK",BC,,,,
Yass,Feel Safe,June 1,LP,"Dance-Punk, Noise rock",Clean,Germany,BC,,,,
Frankie and the Witch Fingers,Trash Classic,June 6,LP,"Garage rock, Psychedelic rock",Clean,"Los Angeles, CA",BC,,,,
Attention Bird Utopia,Best of Kings,June 6,LP,Indie Folk,Clean,US,BC,,,,
Gösta Berlings Saga,Forever Now,June 6,LP,Prog-rock,Instrumental,"Stockholm, Sweden",,,,,
Nadah El Shazly,Laini Tani,June 6,LP,"Art Pop, Arabic Pop, Electroacoustic",Clean,"Cairo, Egypt",BC,,,,
McKinley Dixon,"Magic, Alive!",June 6,LP,"Jazz Rap, Neo-Soul",Clean,"Richmond, VA",BC,,,,
Lucy Gooch,Desert Window,June 6,LP,"Ambient Pop, Ethereal Wave",Clean,"Bristol, UK",BC,,,,
Phoebe Rings,Aseurai,June 6,LP,Dream Pop,Clean,"Auckland, New Zealand",BC,,,,
Paul Ion Barker,Knife The Ally,June 6,LP,Post-Industrial,Clean,"Portland, OR",BC,,,,
Black Moth Super Rainbow,Soft New Magic Dream,June 6,LP,"Neo-Psychedelia, Indietronica, Psychedelic Pop",Clean,"Pittsburgh, PA",BC,,,,
Nad Sylvan,Monumentata,June 20,LP,Prog-rock,Clean,"Uttran, Sweden",BC,,,,
OSKA,Refined Believer,June 20,LP,"Singer-Songwriter, Indie Pop",Clean,"Wien, Austria",BC,,,,
Water Machine,God Park,June 29,LP,Art Punk,Clean,"Glasgow, Scotland",BC,,,,
The Worm,Pantilde,July 4,LP,Chamber Folk,Clean,UK,BC,,,,
,,,,,,,,,,,
,,,,,,,,,,,
,,,,,,,,,,,
,,,,,,,,,,,
,,,,,,,,,,,
,,,,,,,,,,,
,,,,,,,,,,,
,,,,,,,,,,,
,,,,,,,,,,,
,,,,,,,,,,,
,,,,,,,,,,,
,,,,,,,,,,,
,,,,,,,,,,,
,,,,,,,,,,,
Unannounced Projects,,,,,,,,,,,
Cardiacs,LSD,TBA,LP,"Prog-rock, Art Punk",,,,,,,
Moron Police,Pachinko,TBA,LP,"Prog-rock, Pop rock, Alternative",,,,,,,