2025 Progressive Metal Albums,,Releases:,855,"Sort by Artist, Vocal Style, or Genre:
Data -> Filter views... -> ...
Or create your own Filter View:
Data -> Filter views... -> Create a new filter view","Collaborators: 
iAmTheEpicOne
         FranticDav | Faceless_Aeons
  Vortexpro000 | theSmilingCow
   PyroL | Fayiron
Unsinful | allmediareviews",,,Images & Words: The Prog Discord,,,
,,LPs:,722,,,,,,,,
,,EPs:,134,,,,,,,,
,,Debuts:,145,,,,,,,,
,,Reissue/Special:,12,,,,,,,,
Artist,Album,Release Date,Length,Genre / Subgenres,Vocal Style,Country / State,Bandcamp,Spotify,YouTube,Amazon,Apple Music
Estuarine,Corporeal Furnace,January 1,LP,Experimental Death metal,Harsh,"Tampa, FL",BC,S,,,
Mirar,Ascension,January 1,LP,"Avant-Garde metal, Harsh Electronic, Djent",Instrumental,France,BC,S,,,
Coffret de Bijoux,lei,January 1,LP,"Atmospheric Black metal, Blackgaze, Screamo",Harsh,"Québec City, Canada",BC,S,,,
Theophonos,Banishment,January 1,EP,"Black metal, Mathcore",Harsh,US,BC,S,,,
Tanpopo Crisis,Meridian,January 1,LP,Screamo,Harsh,"Myrtle Beach, SC",BC,S,,,
Gonemage,Entranced by the Ice Storm,January 3,EP,"Black metal, Chiptune",Harsh,"Dallas, TX",BC,S,,,
Am I In Trouble?,Spectrum,January 3,LP,"Prog-metal, Avant-Garde metal, Black metal",Mixed,"New Jersey, NJ",BC,S,,,
Paleface Swiss,Cursed,January 3,LP,"Beatdown Deathcore, Slam, Hardcore",Mixed,"Zurich, Switzerland",BC,S,,,
Mutagenic Host,The Diseased Machine,January 3,LP,Death metal,Harsh,"London, UK",BC,S,,,
Lord Agheros,Anhedonia,January 3,LP,"Atmospheric Black metal, Gothic metal",Mixed,"Giarre, Italy",BC,S,,,
Bloodbark,Sacred Sound of Solitude,January 3,LP,Atmospheric Black metal,Mixed,International,BC,S,,,
Patriarkh,Prophet Ilja,January 3,LP,Black metal,Mixed,"Białystok, Poland",BC,S,,,
Acacia Ridge,The Deviant Era,January 3,LP,"Prog-metal, Metalcore",Mixed,"Salt Lake City, UT",,S,,,
thisworldisnotkind,Death,January 3,EP,Screamo,Harsh,"Iowa City, IA",BC,S,,,
Denoument,Hymns For Those To Follow,January 3,EP,Metalcore,Harsh,"Washington, D.C.",BC,,,,
Nostoc,Rites of Passage,January 3,LP,"Prog-metal, Death metal, Groove metal",Harsh,Costa Rica,BC,S,,,
Ashlands,Ashlands III,January 4,EP,Atmospheric Black metal,Harsh,"Foligno, Italy",BC,S,,,
Keratin,Death & Rebirth,January 4,EP,"Post-Hardcore, Skramz",Harsh,"Melbourne, Australia",BC,S,,,
The Nameless,The Nameless,January 6,LP,Deathcore,Harsh,"Coffs Harbour, Australia",BC,S,YT,,
...And Always,Feel Fine,January 6,EP,"Screamo, Post-Hardcore, Emo",Mixed,"Toronto, Canada",BC,S,,,
Obscure Sphinx,Emovere,January 6,EP,"Atmospheric Sludge metal, Post-metal",Mixed,"Warszawa, Poland",BC,S,,,
Jota,Haven,January 6,EP,"Post-Hardcore, Screamo",Harsh,"Halle, Germany",BC,S,,,
Gloamer,Incinerus,January 6,EP,"Alt-metal, Grungegaze",Mixed,"Newcastle, UK",BC,S,,,
Leegte,Finis,January 6,EP,Atmospheric Black metal,Harsh,Belgium,BC,S,,,
Second Day,Flamboyance,January 7,LP,Prog-metal,Mixed,"Besançon, France",BC,S,,,
Membrane,Deathly Silence,January 8,LP,"Post-metal, Sludge metal",Mixed,"Vesoul, France",BC,S,,,
Simulation Defect,Simulation Defect,January 8,LP,Technical Death metal,Harsh,"Leeds, UK",BC,S,,,
Plaguewielder,In Dust & Ash,January 8,LP,Black metal,Harsh,"Ohio, OH",BC,S,,,
Zeta,Was It Medicine To You?,January 9,LP,Post-Hardcore,Mixed,"Puerto La Cruz, Venezuela",BC,S,,,
Sulfator,Gemini,January 9,LP,"Prog-metal, Technical Thrash metal",Harsh,"Toulouse, France",BC,S,,,
Uulliata Digir,Uulliata Digir,January 10,LP,"Avant-Garde metal, Death metal, Post-metal",Mixed,"Poznań, Poland",BC,S,YT,,
No Eye Has Seen,Impermanence,January 10,LP,"Metalcore, Progressive Metal",Mixed,"Connecticut, United States",,S,,,
Garden Of Stone,The Grave Mistake,January 10,LP,"Melodic Death metal, Heavy metal",Mixed,"Tampere, Finland",BC,S,YT,,
Tremonti,The End Will Show Us How,January 10,LP,"Alt-metal, Hard rock",Clean,"Orlando, FL",BC,S,,,
The Halo Effect,March Of The Unheard,January 10,LP,Melodic Death metal,Harsh,"Gothenburg, Sweden",BC,S,YT,,
Gnostician,Unification As An Art,January 10,LP,"Mathcore, Deathcore, Metalcore",Harsh,"Wilkes Barre, PA",BC,S,,,
Pale,Our Hearts In Your Heaven,January 10,LP,"Blackgaze, Post-metal",Mixed,"Tokyo, Japan",BC,S,,,
The Obsidian Resurrection,As Darkness Falls,January 10,LP,Symphonic Death metal,Harsh,"Modesto, CA",BC,S,,,
Veil of Conspiracy,Shape of Grief,January 10,LP,Doom metal,Mixed,"Rome, Italy",BC,S,,,
Μνήμα,Drowned In Hallucinogenic Visions,January 10,EP,Raw Black metal,Harsh,Greece,BC,S,,,
Alchemy,Could It Be Any Worse?,January 10,LP,Hardcore,Mixed,"New Hampshire, NH",BC,S,,,
After Nations,Surface | Essence,January 10,LP,"Prog-metal, Post-metal, Djent",Instrumental,"Lawrence, KS",BC,S,,,
Beriedir,Liminal Space,January 10,LP,"Prog-metal, Power metal",Clean,"Bergamo, Italy",,S,,,
Baptiste Brun,Elevatio,January 10,LP,Prog-metal,Instrumental,"Lyon, France",BC,S,,,
Harvst,Mahlstrom,January 10,LP,Black metal,Mixed,Germany,BC,S,,,
Akratu,I: Set Aflame,January 10,EP,Doom metal,Instrumental,"Chicago, IL",BC,,,,
Chalkwife,Shinjuku,January 10,LP,"Post-Hardcore, Alt-metal, Shoegaze",Clean,"Porto Alegre, Brazil",BC,S,YT,,
The Exilant,Arcadia Forlorn,January 10,LP,"Gothic metal, Doom metal, Death metal",Harsh,"Wuppertal, Germany",BC,S,,,
Stick to Your Guns,Keep Planting Flowers,January 10,LP,Metalcore,Mixed,"California, CA",BC,S,,,
Stellar Forest,Stellar Forest,January 10,LP,Cosmic Black metal,Harsh,France,BC,S,,,
FaithXtractor,Loathing & the Noose,January 10,LP,Death metal,Harsh,"Cincinnati, OH",BC,S,,,
Planets,The Year Without a Summer,January 10,EP,Prog-metal,Instrumental,Poland,BC,,,,
The Cimmerian,An Age Undreamed Of​.​.​.,January 10,LP,"Doom metal, Thrash metal, Sludge metal",Harsh,"Los Angeles, CA",BC,S,,,
Cycle of Infinity,Wisdom of the Ages,January 10,LP,Prog-metal,Clean,"Chicago, IL",BC,S,,,
Sight of Theia,The Great Dreamer,January 11,LP,Prog-metal,Instru./Clean,"Atlanta, GA",BC,S,,,
Chidori,Microcosm of a Midlife Crisis,January 11,LP,"Post-Hardcore, Nintendocore",Mixed ,"Atlanta, GA",BC,S,,,
Rigor Samsa,Severance,January 11,LP,"Prog-metal, Stoner metal",Clean,"Wrocław, Poland",BC,S,YT,,
Forrotian,Lix Tetrax Thy Witchfather,January 12,EP,"Black metal, Folk metal, Bluegrass",Harsh,"South Carolina, SC",BC,,,,
Trauma Bond,Summer Ends. Some Are Long Gone.,January 12,LP,"Grindcore, Metalcore, Powerviolence",Harsh,"London, UK",BC,S,,,
Clouds,Desprins,January 13,LP,Doom metal,Mixed,Romania,BC,S,YT,,
Exosphär,Vulpes,January 13,EP,"Post-metal, Doom metal",Harsh,Denmark,BC,,,,
Crimson Storm,Livin' On the Bad Side,January 14,LP,Speed metal,Clean,Italy,BC,S,,,
Ensomhet,At The Forgotten Ruins​.​.​.,January 14,LP,"Raw Black metal, Folk",Harsh,"Toulouse, France",BC,S,,,
Synaptic,Enter The Void,January 15,LP,"Prog-metal, Technical Death metal",Mixed,Germany,BC,S,YT,,
Mestis,Telenovela,January 15,EP,Prog-metal,Instrumental,"Los Angeles, CA",,S,,,
The Conjuration,The Trip,January 15,LP,"Prog-metal, Avant-Garde metal, Death metal",Mixed,"Danville, VA",BC,S,,,
Besna,Kr​á​sno,January 16,LP,"Blackgaze, Post-metal",Harsh,"Bratislava, Slovakia",BC,S,YT,,
Pillar Amongst Willows,Pillar Amongst Willows,January 16,LP,"Experimental Black Metal, Death Metal",Harsh,United Kingdom,BC,,,,
Beware,Never End For None of Us,January 16,EP,"Death metal, Noise rock",Harsh,"Birmingham, UK",BC,,YT,,
Teramaze,Desire Colours N Lust,January 17,EP,Prog-metal,Clean,"Melbourne, Australia",,S,,,
Hazzerd,The 3rd Dimension,January 17,LP,Thrash metal,Harsh,"Calgary, Canada",BC,S,,,
Lilac Kings,The Weight of Things,January 17,EP,Post-Hardcore,Mixed,"Tulsa, OK",,S,,,
CKRAFT,Uncommon Grounds,January 17,LP,"Prog-metal, Jazz metal",Instrumental,"Paris, France",BC,S,,,
Hierarchies,Hierarchies,January 17,LP,"Avant-Garde Death Metal, Dissonant Metal, Grindcore",Harsh,United States,BC,S,YT,,
Shedfromthebody,Whisper and Wane,January 17,LP,"Doomgaze, Post-Metal",Mixed,Finland,BC,S,,,
Last Forest Rain,Last Forest Rain,January 17,LP,"Post-Black Metal, Shoegaze, Post-Hardcore",Mixed,"Madrid, Spain",BC,S,,,
UPLOAD,Pain EP,January 17,EP,"Melodic Deathcore, Hardcore",Mixed,"Fribourg, Switzerland",BC,S,,,
Vertex,The Purest Light,January 17,LP,"Mathcore, Progressive Metal",Mixed,"Lyon, France",BC,S,YT,,
Eidola,Mend,January 17,LP,"Post-Hardcore, Swancore",Mixed,"Salt Lake City, UT",,S,,,
Pestilent Scars,Meadows of Misfortune,January 17,LP,Melodic Death metal,Mixed,"Oulu, Finland",BC,S,YT,,
Mourir,Insolence,January 17,EP,"Black metal, Sludge metal",Harsh,"Toulouse, France",BC,S,YT,,
Cactus Rojo,Dune,January 17,LP,Stoner metal,Clean,Mexico,BC,S,,,
Dragonknight,Legions,January 17,LP,Power metal,Clean,Finland,BC,S,,,
Bunsenburner,Reverie,January 17,LP,"Stoner metal, Doom metal",Instrumental,Germany,BC,S,,,
Axetasy,Withering Tides,January 17,LP,"Speed metal, Heavy metal",Clean,"Stuttgart, Germany",BC,S,,,
Onirophagus,Revelations From The Void,January 17,LP,Death Doom metal,Harsh,Spain,BC,S,,,
Thy Kingdom Will Burn,The Loss And Redemption,January 17,LP,Melodic Death metal,Mixed,"Kouvola, Finland",BC,S,,,
Häxkapell,Om jordens blod och urgravens grepp,January 17,LP,Black metal,Harsh,Sweden,BC,S,YT,,
Hesperia,Fra Li Monti Sibillini (Black Medieval Winter Over The Sibylline Mounts),January 17,LP,Black metal,Harsh,Italy,BC,S,YT,,
Sarcator,Swarming Angels & Flies,January 17,LP,"Thrash metal, Black metal, Death metal",Harsh,"Trollhättan, Sweden",BC,S,,,
Necrotech,Necrotechnology,January 17,EP,"Industrial metal, Death Doom metal, Crust",Harsh,Brazil,BC,S,YT,,
Dark Fortress,Anthems From Beyond The Grave - Live In Europe 2023,January 17,LP,Melodic Black metal,Mixed,"Landshut, Germany",BC,S,,,
Coffin Feeder,Dominion of Torment,January 17,EP,Death metal,Harsh,"Chicago, IL",BC,,,,
Master Sword,Toying With Time,January 17,LP,"Prog-metal, Power metal",Clean,"Washington, DC",BC,S,,,
Exitum,Seppuku,January 17,EP,"Death metal, Grindcore",Harsh,"New York, NY",BC,S,,,
Drown In Sulphur,Vengeance,January 17,LP,Deathcore,Mixed,Italy,BC,S,,,
Serein,Rivers of Living Water,January 17,EP,"Prog-metal, Death metal",Mixed,"Tucson, AZ",BC,S,,,
Dripped,Utopia of Euphoric Envisionment,January 17,EP,Brutal Death metal,Harsh,"Perth, Australia",BC,S,,,
A.M.E.N.,Argento,January 17,LP,"Avant-Garde metal, Avant-Jazz",Clean,"San Salvo, Italy",BC,S,,,
Sara,Hallava,January 17,LP,Alt-metal,Clean,"Kaskinen, Finland",BC,S,,,
Můra,Needle Cathedral,January 20,EP,Death Doom metal,Harsh,"Prague, Czechia",BC,S,,,
Alixer,Dasein / Mitsein,January 20,LP,"Black metal, Post-Hardcore",Mixed,"Lyon, France",BC,,,,
Putred,Megalit al Putrefacției,January 20,LP,Death metal,Harsh,Romania,BC,S,,,
Retador,Ear​ë​ndel,January 21,LP,Thrash metal,Harsh,"Málaga, Spain",BC,,YT,,
Zbhezhdjik of Polariis,LOGENTRY​-​1​:​01 - Frozen Windhells Seek to Dominate my Remaining Flesh,January 21,LP,"Black metal, Harsh Noise, Ambient",Instrumental,"Lightning Ridge, Australia",BC,,,,
Chaos Control,Lost In Time,January 22,EP,"Power metal, Thrash metal",Clean,"Tokyo, Japan",BC,S,,,
Magic and Medicine,Magic and Medicine,January 22,EP,Prog-metal,Clean,"Oldenburg, Germany",BC,S,,,
Veenlijk,Galgenberg,January 23,EP,"Black metal, Crust Punk",Harsh,"Amersfoort, Netherlands",BC,S,,,
Subterranean Lava Dragon,The Great Architect,January 23,LP,"Prog-metal, Death metal",Mixed,"Reading, PA",BC,S,,,
Cathuria,The White Ship,January 24,LP,Prog-metal,Mixed,"Siloam Springs, AR",BC,S,,,
Exterior Palnet,Haragma II,January 24,LP,"Prog-metal, Black metal",Harsh,"Zagreb, Croatia",BC,S,,,
Sunrot,Passages,January 24,EP,"Sludge metal, Drone metal",Harsh,"New Jersey, NJ",BC,S,,,
Keoma,A New Beginning?,January 24,LP,Prog-metal,Mixed,"Helsinki, Finland",BC,S,,,
Harakiri For The Sky,Scorched Earth,January 24,LP,"Post-Black Metal, Atmospheric Black Metal, Blackgaze",Mixed,"Seesen, Germany",BC,S,YT,,
Fleshbore,Painted Paradise,January 24,LP,Technical Death metal,Harsh,"Indianapolis, IN",BC,S,YT,,
The Great Old Ones,Kadath,January 24,LP,"Atmospheric Black metal, Post-Black metal",Harsh,"Bordeaux, France",BC,S,YT,,
Haven,Causes,January 24,LP,Post-metal,Mixed,"Berlin, Germany",BC,S,,,
Discordant Meditation,Tragic Creature,January 24,LP,Technical Death metal,Harsh,"Denver, CO",BC,S,YT,,
Corroding Soul,Corroding Soul,January 24,EP,Atmospheric Black metal,Harsh,UK,BC,S,,,
À Terre,Embrasser La Nuit,January 24,LP,Post-metal,Harsh,France,BC,S,YT,,
Bumblefoot,.​.​.​Returns!,January 24,LP,Prog-metal,Instrumental,"New Brunswick, NJ",BC,S,,,
Beneath a Steel Sky,Cleave,January 24,LP,Post-metal,Mixed,Scotland,BC,S,,,
Sleepbomb,The Sleeping Dead,January 24,LP,"Post-metal, Doomgaze",Clean,"San Francisco, CA",BC,S,,,
Tormentor Tyrant,Excessive Escalation Of Cruelty,January 24,LP,Death metal,Harsh,Finland,BC,S,YT,,
Oh The Humanity!,Ground To Dust,January 24,LP,"Melodic Hardcore, Hardcore Punk",Clean,"Massachusetts, MA",BC,S,,,
Ringlorn,Tales of War and Magic,January 24,LP,Epic Heavy metal,Clean,Greece,BC,,,,
Umbersound,If The Flies Could Sing,January 24,LP,"Doom metal, Death metal",Mixed,"New York, NY",BC,S,,,
hjort,Evolve IV​-​VIII,January 24,LP,Post-metal,Instrumental,"Mannheim, Germany",BC,S,,,
Departure,Mired In Descension,January 24,EP,Death Doom metal,Harsh,"New Hampshire, NH",BC,S,,,
Soaring,Soaring,January 24,EP,Blackgaze,Mixed,"Toulouse, France",BC,S,,,
Sutekh Hexen,Primeval,January 24,LP,"Experimental Black metal, Noise Electronics, Ambient",Harsh,"San Francisco, CA",BC,S,,,
HØLLS,ILL,January 24,LP,"Post-metal, Post-Hardcore",Harsh,"Besançon, France",BC,S,,,
Vomitriste,Black Abyss Invocation,January 24,LP,"Black metal, Death Industrial",Harsh,Finland,BC,,,,
Scitalis,Maledictum,January 24,LP,Black metal,Harsh,Sweden,BC,S,YT,,
Vortex Sutra,Glimpse Into The Transcendental,January 24,LP,Prog-metal,Instrumental,"Glasgow, Scotland",BC,,,,
The Archon Rift,The Arcane Chronicle,January 24,EP,"Technical Death metal, Symphonic metal",Instrumental,"Canberra, Australia",BC,S,YT,,
Grand Devourer,Traversing The Void,January 24,EP,Death metal,Harsh,"Hanover, Germany",BC,S,,,
Labÿrinth,In the Vanishing Echoes of Goodbye,January 24,LP,"Prog-metal, Power metal",Clean,Italy,,S,,,
Disrupted,Stinking Death,January 24,LP,Death metal,Harsh,"Ludvika, Sweden",BC,S,,,
Watch My Dying,Egyenes Kerülő,January 24,LP,"Prog-metal, Death metal, Groove metal",Mixed,"Esztergom, Hungary",BC,S,,,
Vacant Home,Can You Show Me Who I Am?,January 24,LP,Melodic Hardcore,Mixed,"Perth, Australia",BC,S,,,
Across the Shade,Madness,January 24,LP,Melodic Death metal,Harsh,Poland,BC,S,,,
Iron Rot,Desiccation / Desolation / Retribution,January 24,EP,Melodic Black metal,Harsh,"Seattle, WA",BC,S,,,
Century,Sign Of The Storm,January 24,LP,Heavy metal,Clean,"Stockholm, Sweden",BC,S,,,
Mortui Vultus,Distant Echoes,January 24,LP,"Blackgaze, Post-Black metal",Harsh,"Odesa, Ukraine",BC,S,,,
Otakucentesis,Secondary Reconstruction of Adipose Tissue,January 25,EP,"Brutal Death metal, Slam Death metal",Harsh,China,BC,S,,,
Iron Griffin,Gate Tower,January 25,EP,Heavy metal,Clean,Finland,BC,,,,
IHXHI,IHXHI,January 25,EP,Atmospheric Black metal,Mixed,Norway,BC,S,,,
Accursed,Ascension,January 25,EP,Melodic Death metal,Harsh,"Connecticut, CT",BC,S,,,
Fós,N​í​l mo chroí in aon rud,January 27,LP,"Doom metal, Drone metal, Sludge metal, Irish Folk",Clean,"Dublin, Ireland",BC,,,,
Uthullun,The Barbed Thread of Madness,January 29,EP,Dissonant Black metal,Harsh,"Chicago, IL",BC,S,YT,,
Sylvanaut,Strings Tied to Stars,January 29,LP,"Blackgaze, Post-rock",Instrumental,"Adelaide, Australia",BC,S,,,
Enterprise Earth,Descent Into Madness,January 30,EP,Deathcore,Mixed,"Spokane, Washington",BC,,,,
Dysmorphic Demiurge,Of Chaos And Eternal Night,January 30,LP,"Brutal Death metal, Slam Death metal",Harsh,"Knoxville, TN",BC,S,,,
Coldblood Supplicant,Heavensward,January 31,EP,"Prog-metal, Djent, Thall",Harsh,"Louisville, KY",BC,S,,,
Pentagram,Lightning In A Bottle,January 31,LP,"Traditional Doom metal, Heavy metal",Clean,"Arlington, VA",BC,S,,,
Pinhead,Egomessiah,January 31,LP,"Prog-metal, Alt-metal",Mixed,"Berlin, Germany",BC,S,,,
MENHYR,Echoes Of The Monolith,January 31,LP,Post-metal,Instrumental,Italy,BC,S,,,
Gnarlmyth,Cataclysmia,January 31,LP,"Prog-metal, Death metal",Mixed,Japan,BC,S,,,
Adrift,Dry Soil,January 31,LP,"Atmospheric Sludge metal, Post-metal",Mixed,"Madrid, Spain",BC,S,,,
Void of Hope,Proof Of Existence,January 31,LP,"Avant-Garde Black Metal, Doom Metal",Mixed,Italy,BC,S,,,
Great American Ghost,Tragedy of the Commons,January 31,LP,"Metalcore, Hardcore Punk",Harsh,"Boston, Massachusetts",,S,,,
L.S. Dunes,Violet,January 31,LP,"Post-Hardcore, Alternative Metal",Mixed,United States,BC,S,,,
All That Remains,Antifragile,January 31,LP,"Melodic Metalcore, Alternative Metal",Mixed,"Springfield, Massachusetts",,S,,,
Consumption,Catharsis,January 31,LP,Death metal,Harsh,Sweden,BC,S,,,
Grief Ritual,Collapse,January 31,LP,Metalcore,Harsh,"Cheltenham, UK",BC,S,,,
Praetorian,Pylon Cult,January 31,LP,"Black metal, Sludge metal",Mixed,"Hertfordshire, UK",BC,S,YT,,
Maceration,Serpent Devourment,January 31,LP,Death metal,Harsh,Denmark,BC,S,YT,,
Admire the Grim,Resist,January 31,LP,Melodic Death metal,Harsh,"Lappeenranta, Finland",BC,S,YT,,
Tonnen von Hall,Ein Abdruck vom Messer im Herzen,January 31,LP,Prog-metal,Instrumental,"Berlin, Germany",BC,S,,,
Unreal Overflows,Slaves of the Inhuman Future World,January 31,LP,Technical Death metal,Harsh,"Cangas, Spain",BC,S,,,
ASkySoBlack,Touch Heaven,January 31,LP,"Alt-metal, Post-Hardcore",Clean,"Philadelphia, PA",BC,S,,,
Relics Of Humanity,Absolute Dismal Domain,January 31,LP,Brutal Death metal,Harsh,"Minsk, Belarus",BC,S,YT,,
Lunar,Tempora Mutantur,January 31,LP,Prog-metal,Mixed,"Sacramento, CA",BC,S,,,
Selvans,Saturnalia,January 31,LP,"Black metal, Heavy metal",Mixed,Italy,BC,S,,,
Skaldr,Sam​̣​sṛ,January 31,LP,Melodic Black metal,Harsh,"Virginia, VA",BC,S,,,
Spesimin,Spesimin,January 31,EP,"Death metal, Thrash metal",Harsh,"Philadelphia, PA",BC,S,,,
Shrieking Demons,The Festering Dwellers,January 31,LP,Death metal,Harsh,"Palermo, Italy",BC,S,YT,,
Dejecter,Oblation Husk,January 31,EP,"Sludge metal, Death metal",Harsh,"Kansas City, MO",BC,S,YT,,
Ande,De Schemering van Werelden,January 31,LP,Atmospheric Black metal,Harsh,"Bilzen, Belgium",BC,S,YT,,
Weed Demon,The Doom Scroll,January 31,LP,"Stoner metal, Sludge metal, Doom metal",Harsh,"Columbus, OH",BC,S,YT,,
Kosmosis,Kosmosis,January 31,LP,Melodic Death metal,Harsh,"Warsaw, Poland",BC,S,YT,,
Hållbar,Nemesis,January 31,LP,"Black metal, Death metal",Mixed,"Warsaw, Poland",BC,S,,,
Voidhra,Only Cold Winds Will Carry My Name,January 31,LP,Black metal,Harsh,Germany,BC,S,,,
Worlds Beyond,Rhapsody Of Life,January 31,LP,Symphonic metal,Clean,"Ghent, Belgium",BC,S,,,
Afflicta,Origin of Sorrow,January 31,LP,Technical Death metal,Harsh,Italy,BC,S,,,
Empty Throne,Unholy,January 31,LP,"Melodic Death metal, Black metal",Harsh,US,BC,S,,,
Black Talon,Scenes of Agony,January 31,LP,Thrash metal,Clean,"Edinburgh, Scotland",BC,S,,,
Sire,Koyot,January 31,EP,Post-metal,Instrumental,"Örebro, Sweden",BC,S,,,
Danefae,Trøst,January 31,LP,Prog-metal,Clean,Denmark,BC,S,,,
Queen of Dreams,Subnivium,January 31,LP,"Prog-metal, Power metal",Clean,"Madison, WI",BC,S,,,
Theophonos,Allegheny Rains,January 31,LP,"Black metal, Mathcore",Harsh,US,BC,S,,,
Burn Down Eden,Dismal Epiphany,January 31,LP,"Melodic Death metal, Black metal",Harsh,"Berlin, Germany",BC,S,,,
Voidburn,Voidburn,February 1,EP,Post-metal,Instrumental,"Melbourne, Australia",BC,S,,,
Mephitic Corpse,Sickness Attracts Sickness,February 1,LP,Brutal Death metal,Harsh,"San Luis Obispo, CA",BC,S,YT,,
Alder Glade,Holocene Extinction,February 1,LP,Atmospheric Black metal,Harsh,"Brisbane, Australia",BC,S,YT,,
Hologram Earth,City of Gold,February 2,LP,Prog-metal,Mixed,"Amsterdam, Netherlands",BC,S,,,
Sacred Noose,Vanishing Spires,February 2,LP,"Dissonant Black metal, Death metal, Doom metal",Harsh,Ireland,BC,S,,,
Sarkasm,Carnival of Atrocities,February 4,LP,"Death metal, Thrash metal",Harsh,"Granby, Canada",BC,S,YT,,
Darko US,"Dethmask, Pt. 3",February 5,EP,"Deathcore, Electronic, Djent",Harsh,US,,S,,,
Harp,The Distance Within,February 5,LP,"Prog-metal, Death metal",Harsh,"Bastia, France",BC,S,,,
Still Falling,Through Time And Flesh,February 7,EP,"Prog-metal, Death metal, Djent",Harsh,"Athens, Greece",BC,S,,,
Of Grace,Vindicta,February 7,LP,"Prog-metal, Deathcore, Shoegaze",Mixed,US,,S,YT,,
Berlial,Nourishing The Disaster To Come,February 7,LP,Black metal,Harsh,France,BC,S,,,
Pathogenic,Crowned in Corpses,February 7,LP,"Prog-metal, Deathcore, Djent",Harsh,"Boston, MA",BC,S,,,
Majestica,Power Train,February 7,LP,"Power metal, Symphonic metal",Clean,Sweden,,S,YT,,
16,Guides For The Misguided,February 7,LP,Sludge metal,Harsh,"San Diego, CA",BC,S,YT,,
Unreqvited,A Pathway to the Moon,February 7,LP,"Atmospheric Black Metal, Blackgaze",Mixed,Canada,BC,S,YT,,
Jinjer,Duél,February 7,LP,"Metalcore, Djent, Hardcore",Mixed,Ukraine,BC,S,,,
Dream Theater,Parasomnia,February 7,LP,Progressive Metal,Mixed,"London, UK",BC,S,,,
Obscura,A Sonication,February 7,LP,"Technical Death metal, Melodic Death metal",Harsh,Germany,BC,S,,,
Phrenelith,Ashen Womb,February 7,LP,Death metal,Harsh,"Copenhagen, Denmark",BC,S,,,
Saor,Amidst the Ruins,February 7,LP,Atmospheric Black metal,Mixed,Scotland,BC,S,YT,,
Triune,Triune,February 7,LP,Prog-metal,Mixed,"Boulder, CO",BC,S,,,
Ameokama,I Will be Clouds in the Morning and Rain in the Evening,February 7,LP,"Doomgaze, Experimental Noise",Clean,"Boston, MA",BC,S,,,
Fumes,Skeletal Wings Threshold,February 7,LP,Death metal,Harsh,Mexico,BC,S,,,
Noctambulist,Noctambulist II: De Droom,February 7,LP,Post-Black metal,Mixed,"Tilburg, Netherlands",BC,S,,,
Norilsk,Antipole,February 7,LP,"Death Doom metal, Sludge metal",Harsh,"Gatineau, Canada",BC,S,YT,,
Morast,Fentanyl,February 7,LP,"Black metal, Doom metal",Harsh,Germany,BC,S,YT,,
Marko Hietala,Roses from the Deep,February 7,LP,Heavy metal,Clean,Finland,BC,S,,,
Ereb Altor,Hälsingemörker,February 7,LP,"Black metal, Viking metal",Mixed,"Gävle, Sweden",BC,S,YT,,
Inborn Suffering,Pale Grey Monochrome,February 7,LP,"Melodic Doom metal, Death metal",Harsh,"Paris, France",BC,S,YT,,
Black .44,Bloodlines,February 7,LP,"Stoner metal, Southern metal",Clean,"Helsinki, Finland",BC,S,YT,,
Là où pleurent les âmes,A Love Letter to the Noise Inside Your Head,February 7,EP,Atmospheric Doom Metal,Mixed,"Nantes, France",,S,,,
Palehorse/Palerider,Waves I,February 7,EP,Doomgaze,Clean,"Denver, CO",BC,S,,,
Open Kasket,Trials of Failure,February 7,LP,Deathcore,Harsh,"Little Rock, AR",BC,S,,,
Xavernah,Absence,February 7,LP,"Black metal, Death metal, Doom metal",Harsh,"Rhenen, Netherlands",BC,S,YT,,
Theoden's Reign,Citadel of the Stars,February 7,LP,"Atmospheric Black metal, Medieval Black metal",Mixed,US,BC,,,,
Omnicidal Instinct,Catharsis In Blight,February 7,EP,Brutal Death metal,Harsh,"Hamburg, Germany",BC,,YT,,
Corpsing,Viewing The Invisible,February 7,EP,Death metal,Harsh,"London, UK",BC,S,,,
Want Of Sin,Hydrophobic,February 7,LP,Experimental Black metal,Harsh,"Milwaukee, WI",BC,S,,,
Initiation,Noir Berger,February 7,LP,"Black metal, Death metal",Harsh,"Paris, France",BC,S,YT,,
Solfar,Cuts You Up,February 7,EP,"Doom metal, Post-metal, Space metal",Mixed,"New Jersey, NJ",BC,S,,,
Shagor,Lyksalver,February 8,LP,Atmospheric Black metal,Mixed,Netherlands,BC,S,YT,,
Visions of Ruin,IX of Swords,February 9,LP,"Symphonic metal, Deathcore, Metalcore",Mixed,"Seattle, WA",BC,S,,,
Continuum Of Xul,Voratore,February 9,LP,Death metal,Harsh,Italy,BC,,,,
Prehistoria,Cryptic Halo,February 11,LP,Power metal,Clean,US,BC,S,,,
Ashen Fields,So Haggard and so Woe-Begone,February 11,LP,"Symphonic Death metal, Melodic Death metal",Mixed,Italy,BC,S,,,
Serpents Of Pakhangba,Air and Fire,February 12,LP,Avant-Garde metal,Mixed,"Mumbai, India",BC,S,,,
Arcane Sight,A Brief Light,February 12,EP,"Prog-metal, Metalcore",Mixed,"Milton Keynes, UK",BC,S,,,
Mellom,The Empire of Gloom,February 13,LP,"Black metal, Death metal",Harsh,"Frankfurt, Germany",BC,,,,
Oreamnos,Futility,February 13,EP,Death metal,Harsh,US,BC,,,,
Black Star Mantra,Escape Reality,February 13,LP,"Prog-metal, Djent",Mixed,"Warsaw, Poland",BC,S,YT,,
Mantric Momentum,Alienized,February 14,LP,Power metal,Clean,Norway,,S,,,
Cantu Ignis,The Fathomless Dominion,February 14,LP,"Melodic Death metal, Symphonic metal",Harsh,"Longmont, CO",BC,S,,,
Thin,The Overlapping Nature of Things,February 14,EP,"Mathcore, Grindcore, Emoviolence",Harsh,"New York, NY",BC,S,,,
Chaos Inception,Vengeance Evangel,February 14,LP,Death metal,Harsh,"Huntsville, AL",BC,,,,
Délirant,Thoughteater,February 14,LP,Dissonant Black metal,Harsh,Spain,BC,S,YT,,
Kosuke Hashida,Outrage,February 14,LP,"Death metal, Thrash metal, Grindcore",Harsh,"Tokyo, Japan",BC,S,,,
Vermilia,Karsikko,February 14,LP,"Atmospheric Black metal, Pagan Black metal",Mixed,Finland,BC,S,YT,,
Throne,Ossarium,February 14,LP,Sludge metal,Harsh,"Soragna, Italy",BC,S,,,
Blind Wolf,Noble Death,February 14,LP,Metalcore,Mixed,US,,S,,,
Decline of the I,Wilhelm,February 14,LP,Post-Black Metal,Mixed,"Paris, France",BC,S,YT,,
Black Narcissus,There Lingers One Who's Long Forgotten,February 14,LP,Post-metal,Instrumental,Belgium,BC,S,,,
With Blood Comes Cleansing,With Blood Comes Cleansing,February 14,LP,Deathcore,Harsh,"Virginia, United States",,S,,,
Rioghan,Kept,February 14,LP,Prog-metal,Mixed,"Lapua, Finland",BC,S,YT,,
Love Is Noise,To Live in a Different Way,February 14,LP,"Alt-metal, Shoegaze",Mixed,UK,BC,S,,,
Hangman's Chair,Saddiction,February 14,LP,"Doom Metal, Gothic Metal",Clean,"Paris, France",BC,S,YT,,
Bleeding Through,Nine,February 14,LP,"Melodic Metalcore, Deathcore",Mixed,"California, US",,S,,,
Dawn of Solace,Affliction Vortex,February 14,LP,"Doom metal, Gothic metal",Mixed,"Helsinki, Finland",BC,S,,,
Obscureviolence,Refuting the Flesh,February 14,EP,Death metal,Harsh,Russia,BC,S,YT,,
Mantar,Post Apocalyptic Depression,February 14,LP,Sludge metal,Mixed,"Bremen, Germany",BC,S,YT,,
Pothamus,Abur,February 14,LP,"Post-metal, Sludge metal",Mixed,"Mechelen, Belgium",BC,S,YT,,
Lacuna Coil,Sleepless Empire,February 14,LP,"Alt-metal, Gothic metal",Mixed,"Milano, Italy",BC,S,,,
Mastord,Lemmon Lintu,February 14,LP,Prog-metal,Clean,"Kotka, Finland",BC,S,YT,,
Pyrrhic Salvation,When Society Crumbles,February 14,EP,Technical Death metal,Harsh,"Richmond, VA",BC,,YT,,
Novarupta,Astral Sands,February 14,LP,"Atmospheric Sludge metal, Post-metal",Mixed,Sweden,BC,S,,,
Warlung,The Poison Touch,February 14,LP,"Stoner metal, Heavy metal",Clean,"Houston, TX",BC,S,,,
Spares,Spares,February 14,EP,Post-Hardcore,Mixed,"Portland, OR",BC,S,,,
Savage Lands,Army of the Trees,February 14,LP,"Thrash metal, Heavy metal",Mixed,Costa Rica,BC,S,YT,,
Kryptan,"Violence, Our Power",February 14,LP,Black metal,Harsh,"Avesta, Sweden",BC,S,YT,,
Carcolh,Twilight Of The Mortals,February 14,LP,Doom metal,Clean,"Bordeaux, France",BC,S,YT,,
Rescue Cat,Flesh & Weapon,February 14,EP,Metallic Hardcore,Harsh,Italy,BC,S,,,
Fell Omen,Invaded By A Dark Spirit,February 14,LP,"Black metal, Heavy metal",Harsh,"Athens, Greece",BC,S,,,
Church Tongue,You'll Know It Was Me,February 14,EP,"Metalcore, Hardcore Punk",Harsh,"Indianapolis, IN",BC,S,,,
Teryky,Beyond The Absence Of Light,February 14,LP,Post-metal,Harsh,"Hamburg, Germany",BC,S,,,
Die Tonight,Fall to Ruin,February 14,LP,"Melodic Death metal, Deathcore",Mixed,"Bristol, UK",BC,S,,,
Möuth,Global Warning,February 14,LP,"Stoner metal, Proto-metal, Heavy metal",Clean,"Stockholm, Sweden",BC,S,YT,,
Highborne,Dreamweaving,February 14,LP,"Black metal, Trance House",Harsh,"Albuquerque, NM",BC,S,,,
Astodan,Dirges,February 14,LP,Post-metal,Clean,"Brussels, Belgium",BC,S,,,
Reeking Aura,Fires in Deep Frost,February 14,EP,Death metal,Harsh,"New York, NY",BC,S,YT,,
EKLYPS,Handover,February 15,EP,Folk metal,Clean,France,BC,S,,,
Cosmic Voyager,Moon In Gemini,February 15,LP,"Prog-metal, Death metal",Harsh,"Copenhagen, Denmark",BC,S,,,
Trhä,∫um'ad∂ejja ∫ervaj,February 17,LP,Black metal,Harsh,"Oak Park, IL",BC,,,,
Fractured Insanity,Age of Manipulation,February 18,LP,Technical Death metal,Harsh,"Moorsele, Belgium",BC,S,YT,,
Sin of God,Blood Bound,February 18,LP,Death metal,Harsh,Hungary,BC,S,,,
Botulism,Microdosing the Torment,February 19,EP,"Grindcore, Deathgrind",Harsh,"Berlin, Germany",BC,S,,,
Exision,Uhreina Ajassa,February 20,LP,"Alt-metal, Metalcore",Mixed,"Tampere, Finland",BC,S,YT,,
Temple of Discord,In The Ashes,February 20,LP,"Stoner metal, Heavy metal",Clean,Sweden,BC,S,,,
Anomander,Cracks in Arcadia,February 20,EP,Post-metal,Harsh,"Kuala Lumpur, Malaysia",BC,S,,,
Lute,Austerium,February 21,LP,Prog-metal,Clean,UK,BC,S,,,
Shepherds of Cassini,In Thrall to Heresy,February 21,LP,"Prog-metal, Post-metal, Psychedelic rock",Mixed,"Auckland, New Zealand",BC,S,YT,,
Homeskin,Soul Washed Bleach,February 21,LP,Black metal,Harsh,"Dallas, TX",BC,S,,,
Horizon Ignited,Tides,February 21,LP,Melodic Death metal,Harsh,"Kouvola, Finland",,S,,,
Voidfallen,The Rituals of Resilience,February 21,LP,Melodic Death metal,Harsh,"Helsinki, Finland",BC,S,,,
Pissgrave,Malignant Worthlessness,February 21,LP,Death metal,Harsh,"Philadelphia, PA",BC,S,YT,,
Cross Bringer,Healismus Aeternus,February 21,EP,"Black metal, Post-Hardcore",Harsh,International,BC,S,,,
Scare,"In The End, Was It Worth It?",February 21,LP,"Metallic Hardcore, Crust Punk",Harsh,"Québec, Canada",BC,S,,,
Scour,Gold,February 21,LP,Black metal,Harsh,US,BC,S,YT,,
The Dark,The Dark,February 21,EP,"Alternative Metal, Metalcore",Harsh,"Los Angeles, CA",,S,,,
Killswitch Engage,This Consequence,February 21,LP,Metalcore,Mixed,"Westfield, Massachusetts",BC,S,YT,,
Cages,Better Mistakes,February 21,EP,"Post-Metal, Screamo",Harsh,Germany,BC,S,YT,,
Silverstein,Antibloom,February 21,LP,"Post-Hardcore, Emo",Mixed,"Burlington, Canada",,S,,,
Gràb,Kremess,February 21,LP,Black metal,Harsh,Germany,BC,S,,,
Wrekmeister Harmonies,Flowers in the Spring,February 21,LP,Drone metal,Instru./Clean,"Kingston, NY",BC,S,,,
Marrowomb,Phisenomie,February 21,LP,"Black metal, Death metal",Harsh,"Chicago, IL",BC,S,,,
Retromorphosis,Psalmus Mortis,February 21,LP,Technical Death metal,Harsh,Sweden,BC,S,YT,,
Defiled Serenity,Within the Slumber of the Mind,February 21,LP,Melodic Death metal,Harsh,"Loimaa, Finland",BC,S,YT,,
Wren,Black Rain Falls,February 21,LP,Atmospheric Sludge metal,Harsh,"London, UK",BC,S,,,
Nachtblut,Todschick,February 21,LP,Gothic metal,Mixed,"Osnabrück, Germany",BC,S,,,
Armory,Black Star,February 21,EP,Speed metal,Clean,"Gothenburg, Sweden",BC,S,,,
Sinner Rage,Powerstrike,February 21,LP,Heavy metal,Clean,"Vitoria Gasteiz, Spain",BC,S,,,
Seventh Station,On Shoulders of Giants,February 21,EP,Prog-metal,Mixed,Slovenia,BC,S,YT,,
Across The Swarm,Invisible Threads,February 21,LP,Death metal,Harsh,Italy,BC,S,,,
Malacath,Eternal Roar of the Thunder and Rain,February 21,LP,Atmospheric Black metal,Harsh,"West Swanzey, NH",BC,S,,,
Vultures Vengeance,Dust Age,February 21,LP,Epic Heavy metal,Clean,"Rome, Italy",BC,S,,,
Abduction,Existentialismus,February 21,LP,Black metal,Harsh,"Derby, UK",BC,S,,,
The 7th Guild,Triumviro,February 21,LP,"Power metal, Rock Opera",Clean,Italy,BC,S,,,
Mean Mistreater,Do or Die,February 21,LP,Heavy metal,Clean,"Austin, TX",BC,S,,,
Twins Crew,Chapter IV,February 21,LP,"Power metal, Heavy metal",Clean,"Stockholm, Sweden",BC,S,,,
Drugs of Faith,Asymmetrical,February 21,LP,"Grindcore, Hardcore Punk",Harsh,"Sterling, VA",BC,S,,,
Omega Purge,The Last Monarch's Fall,February 21,LP,"Melodic Death metal, Thrash metal",Harsh,"Freiberg, Germany",BC,S,,,
Matalobos,Phantasmagoria: Hexed Lands,February 21,LP,"Melodic Death metal, Doom metal",Harsh,"Leon, Mexico",BC,S,,,
BaarRa,Entheos,February 21,EP,"Post-metal, Drone metal",Harsh,Poland,BC,S,YT,,
Incantvm,Maleficia,February 21,LP,Symphonic Black metal,Harsh,Italy,BC,S,,,
Old Skin,Wails Of Ten Thousand,February 21,LP,Sludge metal,Harsh,"Fort Collins, CO",BC,S,YT,,
Elcano,The First Circumnavigation Of The World,February 21,LP,"Symphonic metal, Melodic metal, Nautical metal",Mixed,"Olten, Switzerland",BC,S,,,
Limuria,Lost World,February 21,LP,"Prog-metal, Power metal",Clean,"Washington, WA",BC,S,,,
Rapière,Пепел,February 21,EP,"Blackened Hardcore, Post-metal",Harsh,"Yekaterinburg, Russia",BC,S,,,
Bedowyn,"Secret Storm, Secret Garden",February 21,LP,"Heavy metal, Stoner metal",Mixed,"Raleigh, NC",BC,S,,,
Morax,The Amulet,February 21,LP,Heavy metal,Clean,"Bergen, Norway",BC,S,,,
Acid Magus,Scatterling Empire,February 21,LP,"Stoner metal, Doom metal, Sludge metal",Mixed,"Pretoria, South Africa",BC,S,YT,,
Shrike,The Divine and the Serpentine,February 21,LP,"Prog-metal, Metalcore, Deathcore",Mixed,"Preston, UK",BC,S,,,
Amon Sethis,Part III - Dawn of an Apocalyptic World,February 21,LP,"Prog-metal, Symphonic metal",Clean,"Grenoble, France",BC,S,,,
Dorre,Fortress,February 22,LP,"Prog-metal, Stoner metal",Mixed,Belgium,BC,S,,,
Sea Mosquito,Reflections,February 22,LP,Avant-Garde Black metal,Mixed,"London, UK",BC,,,,
Vertebrae Fetish Totem,Rituals,February 23,LP,"Black metal, Death metal, Doom metal",Harsh,"Cleveland, OH",BC,,,,
Trhä,∫um'ad∂ejja mºoravaj,February 24,LP,Black metal,Harsh,"Oak Park, IL",BC,,,,
Trhä,ducel ëf ∂acet'asde§ den alëcaáhabna ë∫ igatenamëc. já sjaboj. já qá§mëna. ëmat'alsob nimëde eh enΩëcunnab nipi¶e,February 24,LP,Black metal,Harsh,"Oak Park, IL",BC,,,,
Show of Bedlam,La Cathédrale Engloutie,February 24,LP,"Experimental metal, Doom metal, Post-Hardcore",Mixed,"Montréal, Canada",BC,,,,
Defy the Tyrants,Defy the Tyrants,February 25,LP,"Metalcore, Thrash Metal",Harsh,"San Diego, California",,S,,,
Alyksir,Devourer,February 26,LP,Melodic Death metal,Harsh,"Montreal, Canada",BC,S,,,
Embla,A WAY / AWAY,February 26,EP,"Blackened Hardcore, Post-metal",Harsh,Denmark,BC,S,,,
Hesychast,For Whom We Sing New Troparia,February 26,LP,Atmospheric Black metal,Harsh,US,BC,S,,,
Schavot,Verstrikt in Halflicht,February 27,LP,Melodic Black metal,Harsh,"Venray, Netherlands",BC,S,,,
Stress Test,Stress Test,February 27,LP,"Thrash metal, Crust Punk",Harsh,"Portland, OR",BC,S,,,
Vjecna Suma,The Stormbound Curse,February 27,LP,Melodic Black metal,Harsh,"Melbourne, Australia",BC,S,,,
Обрій (Obrij),Йосип,February 27,LP,"Death metal, Hardcore",Harsh,"Uzhhorod, Ukraine",BC,S,,,
Primrose Path,Ruminations,February 28,LP,Prog-metal,Mixed,"Perth, Australia",BC,S,,,
Hartlight,The Triumph of Metal,February 28,LP,"Prog-metal, Symphonic metal",Clean,"Avignon, France",BC,S,,,
Grave Infestation,Carnage Gathers,February 28,LP,Death metal,Harsh,"Vancouver, Canada",BC,S,YT,,
Ritual Ascension,Profanation of the Adamic Covenant,February 28,LP,Death Doom metal,Harsh,US,BC,S,YT,,
Voodus,Emanating Sparks,February 28,LP,Melodic Black metal,Harsh,"Kungälv, Sweden",BC,S,,,
Caustic Phlegm,Purulent Apocalypse,February 28,LP,Death metal,Harsh,"Dunfermline, Scotland",BC,S,,,
Ruinous Power,EXTREME DANGER: Prototype Weaponry,February 28,LP,"Death metal, Black metal",Harsh,Canada,BC,S,,,
Sleep Paralysis,Sleep Paralysis,February 28,LP,"Avant-Garde Black metal, Classical Jazz, Electronic",Harsh,"San Diego, CA",BC,S,,,
Venomous Echoes,Dysmor,February 28,LP,"Avant-Garde metal, Dissonant Black metal",Harsh,"Kettering, OH",BC,S,,,
Christian Mistress,Children Of The Earth,February 28,LP,Heavy metal,Clean,"Olympia, WA",BC,S,,,
Light Dweller,The Subjugate,February 28,LP,Dissonant Death metal,Harsh,"Tempe, AZ",BC,S,YT,,
Vacuous,In His Blood,February 28,LP,Death metal,Harsh,"London, UK",BC,S,YT,,
Celestial Scourge,Observers of The Inevitable,February 28,LP,Technical Death metal,Harsh,Norway,BC,S,,,
Architects,"The Sky, The Earth and All Between",February 28,LP,Metalcore,Mixed,"Brighton, UK",BC,S,,,
Brainstorm,Plague of Rats,February 28,LP,Power metal,Clean,"Heidenheim, Germany",,S,,,
Havukruunu,Tavastland,February 28,LP,Melodic Black metal,Harsh,"Riihimäki, Finland",BC,S,,,
Sepulchral Curse,Crimson Moon Evocations,February 28,LP,"Black Metal, Death Metal",Harsh,Finland,BC,S,YT,,
Serenity In Murder,Timeless Reverie,February 28,LP,"Melodic Death metal, Symphonic metal",Harsh,Japan,BC,S,,,
Red Eye,III,February 28,LP,"Stoner metal, Doom metal",Mixed,"Málaga, Spain",BC,S,,,
Crown of Madness,Memories Fragmented,February 28,LP,Dissonant Death metal,Harsh,"British Columbia, Canada",BC,S,YT,,
Ter Ziele,Embodiment Of Death,February 28,LP,Atmospheric Sludge metal,Harsh,Netherlands,BC,S,,,
Grima,Nightside,February 28,LP,Atmospheric Black metal,Harsh,Russia,BC,S,,,
Year of the Cobra,Year of the Cobra,February 28,LP,"Stoner metal, Doom metal",Clean,"Seattle, WA",BC,S,YT,,
Bronco,Bronco,February 28,LP,"Stoner metal, Doom metal",Harsh,"Wilmington, NC",BC,S,YT,,
Exhalus,Inexorable Decay,February 28,EP,Prog-metal,Mixed,Finland,BC,S,,,
Oversize,Vital Signs,February 28,LP,"Post-Hardcore, Shoegaze, Emo, Alternative",Mixed,"England, UK",,S,,,
Metaphobic,Deranged Excruciations,February 28,LP,Death metal,Harsh,"Atlanta, GA",BC,S,YT,,
Avantasia,Here Be Dragons,February 28,LP,"Power metal, Rock Opera",Clean,"Fulda, Germany",BC,S,,,
Dimman,Consciousness,February 28,LP,Melodic Death metal,Harsh,Finland,BC,S,YT,,
Owlbear,Feather & Claw,February 28,LP,Epic Heavy metal,Clean,"Boston, MA",BC,S,,,
Benthic,Sanguine,February 28,LP,Post-Hardcore,Mixed,"Hamburg, Germany",BC,S,,,
Chemicide,Violence Prevails,February 28,LP,Thrash metal,Harsh,"San José, Costa Rica",BC,S,YT,,
Ocultum,Buena Muerte,February 28,LP,"Stoner metal, Sludge metal",Clean,"Santiago, Chile",BC,S,YT,,
Dark Chapel,Spirit in The Glass,February 28,LP,"Heavy metal, Blues rock",Clean,"Las Vegas, NV",BC,S,,,
Act of Impalement,Profane Altar,February 28,LP,"Death metal, Black metal, Sludge metal",Harsh,"Nashville, TN",BC,S,,,
Toughness,Black Respite of Oblivion,February 28,LP,Technical Death metal,Harsh,"Pulawy, Poland",BC,S,,,
Hirax,Faster Than Death,February 28,LP,"Tharsh metal, Speed metal",Clean,"Buena Park, CA",BC,,,,
Insanity Cult,Κ​ά​θ​ο​δ​ο​ς,February 28,LP,Black metal,Harsh,"Athens, Greece",BC,,,,
Unholy Impurity,Oculus Mortis,February 28,LP,Black metal,Harsh,"Ossi, Italy",BC,S,,,
Hand of The Wicked,Videam Dolorem,February 28,EP,"Symphonic Black metal, Death metal",Harsh,"Arkansas, AR",BC,S,YT,,
Scimitar,Scimitarium I,February 28,LP,"Black metal, Heavy metal",Clean,"Copenhagen, Denmark",BC,S,,,
Rylos,Signs of Life,February 28,LP,Heavy metal,Clean,Finland,BC,S,YT,,
Jaundice,Infernal Demise,February 28,LP,Death metal,Harsh,"Glasgow, Scotland",BC,S,,,
Hail Conjurer,Order of Disgrace,February 28,LP,Black metal,Harsh,"Helsinki, Finland",BC,S,YT,,
Void Revenant,Celestial Procession,February 28,EP,"Prog-metal, Technical Death metal",Harsh,"Dublin, Ireland",BC,S,YT,,
Pariah,Violence Is A Curse,February 28,EP,"Mathcore, Powerviolence",Harsh,UK,BC,S,,,
Buried Faith,"Blackened Skies, Open Graves",February 28,LP,Thrash metal,Harsh,"Boise, ID",BC,S,,,
The Grey,KODOK,February 28,LP,Post-metal,Instru./Harsh,"Cambridge, UK",BC,,,,
ORT,Sperrwerk,February 28,EP,"Post-metal, Doom metal",Instrumental,"Dortmund, Germany",BC,S,,,
Lost Sanctuary,Harbinger Of Chaos,February 28,LP,"Heavy metal, Power metal, Thrash metal",Clean,Germany,BC,S,,,
Awakeness,Low Spirits,February 28,LP,Deathcore,Harsh,Poland,BC,S,YT,,
Emissary,Eldritch,March 1,LP,"Black metal, Death metal, Thrash metal",Harsh,"Barcelona, Spain",BC,S,,,
Küenring,In Search of Paradise,March 1,LP,"Heavy metal, Hard rock",Clean,"Vienna, Austria",BC,S,,,
Bulletsbetweentongues,Fragility,March 1,LP,"Melodic Hardcore, Emoviolence",Mixed,"Denton, Texas",,S,,,
Cenozoa,In Bloom,March 1,EP,"Post-metal, Doom metal",Mixed,"Athens, Greece",BC,,,,
Hallucivore,Shrouded in Exogaian Petrichor,March 1,EP,Death metal,Harsh,"Boston, MA",BC,S,,,
Telma,Awakening,March 1,LP,"Alt-metal, Groove metal",Clean,"Larissa, Greece",BC,S,,,
Uncle Woe,"Folded in Smoke, Soaked and Bound",March 1,EP,"Stoner metal, Doom metal",Clean,"Bancroft, Canada",BC,S,,,
Sjálfsmorð af gáleysi,Absolute Monarchy ,March 2,LP,Avant-Garde Black Metal,Harsh,Iceland,BC,,,,
Avulsed,Phoenix Cryptobiosis,March 4,LP,Death metal,Harsh,"Madrid, Spain",BC,S,,,
Phantom Druid,The Edge of Oblivion,March 5,LP,Traditional Doom metal,Clean,Netherlands,BC,,,,
Istapp,Sól Tér Sortna,March 6,LP,Melodic Black metal,Mixed,Sweden,BC,S,,,
...But the Shadows Have Foes,"Look With Pity Upon the Sallow Face of God, For We Have Built Hells Beyond His Imagining",March 6,LP,"Blackened Hardcore, Post-metal, Neocrust",Harsh,"Illinois, IL",BC,S,,,
La Torture Des Ténèbres,Episode VII - Revenge Of Unfailing Valor,March 6,LP,"Atmospheric Black metal, Black Noise",Harsh,"Ottawa, Canada",BC,,,,
Harvest of Ash,Castaway,March 7,LP,"Post-metal, Doom metal, Sludge metal",Harsh,"Salt Lake City, UT",BC,S,,,
March of Scylla,Andromeda,March 7,LP,"Prog-metal, Groove metal, Metalcore",Mixed,"Amiens, France",BC,S,,,
Spider God,Possess the Devil: The Original Album,March 7,LP,"Melodic Black metal, Metalcore",Harsh,UK,BC,S,,,
Imminence,The Return of The Black,March 7,LP,"Metalcore, Symphonic Metal",Mixed,"Trelleborg, Sweden",,S,,,
Zac Leaser,Ascension to Light,March 7,EP,Technical Death metal,Harsh,"Fort Worth, TX",BC,S,YT,,
SKLOSS,The Pattern Speaks,March 7,LP,"Post-metal, Stoner metal, Heavy Psych",Instru./Clean,"Austin, TX",BC,S,,,
Frogg,Eclipse,March 7,LP,"Prog-metal, Djent, Metalcore",Harsh,"New York, NY",BC,S,YT,,
Druma,Sores Of Our Time,March 7,LP,"Atmospheric Sludge metal, Post-metal",Mixed,"Hamburg, Germany",BC,S,,,
Hermyth,Aether,March 7,LP,Doomgaze,Clean,"Biella, Italy",BC,S,,,
Throne of Iron,Adventure Two,March 7,LP,"Heavy metal, Power metal",Clean,"Bloomington, IN",BC,S,,,
Adamantis,Reforged,March 7,LP,"Power metal, Heavy metal",Clean,US,BC,S,,,
Nephylim,Circuition,March 7,LP,Melodic Death metal,Mixed,Netherlands,BC,S,,,
Lights Of Skadi,A Cinematic Experience,March 7,LP,Prog-metal,Clean,Sweden,,S,,,
Dawn of Ouroboros,Bioluminescence,March 7,LP,"Prog-metal, Melodic Death metal, Post-metal, Blackgaze",Mixed,"Oakland, CA",BC,S,,,
Guiltless,Teeth To Sky,March 7,LP,Sludge metal,Harsh,"Seattle, WA",BC,S,,,
Whitechapel,Hymns in Dissonance,March 7,LP,Deathcore,Harsh,"Knoxville, TN",BC,S,YT,,
K L P S,K L P S,March 7,LP,"Post-metal, Sludge metal",Harsh,"Helsingborg, Sweden",BC,S,,,
Spiritbox,Tsunami Sea,March 7,LP,Metalcore,Mixed,"Vancouver, Canada",,S,,,
The Unguided,Hellven,March 7,LP,Melodic Death metal,Mixed,"Falkenberg, Sweden",BC,S,,,
Cryptosis,Celestial Death,March 7,LP,"Prog-metal, Technical Thrash metal",Harsh,"Enschede, Netherlands",BC,S,,,
Scalpture,Landkrieg,March 7,LP,Death metal,Harsh,Germany,BC,S,,,
This Gift Is A Curse,Heir,March 7,LP,"Black metal, Post-metal, Sludge metal",Harsh,"Stockholm, Sweden",BC,S,YT,,
Destruction,Birth Of Malice,March 7,LP,Thrash metal,Harsh,Germany,BC,S,,,
Shrine of Denial,"I, Moloch",March 7,LP,"Black metal, Death metal",Harsh,Turkey,BC,S,YT,,
Impurity,The Eternal Sleep,March 7,LP,Death metal,Harsh,"Stockholm, Sweden",BC,S,YT,,
Grey Mountain,Grey Mountain,March 7,LP,"Prog-metal, Death metal",Mixed,"London, UK",BC,,,,
Holy Death,Paradice,March 7,LP,"Death metal, Sludge metal",Harsh,"Long Beach, CA",BC,S,,,
Crown Magnatar,Punishment,March 7,EP,Deathcore,Harsh,"Colorado Springs, CO",BC,S,,,
Edge of Paradise,Prophecy,March 7,LP,"Alt-metal, Symphonic metal, Electropop",Clean,"Hollywood, CA",BC,S,,,
Droni Eye Omi,Liminal Mass,March 7,LP,Drone metal,Instrumental,"Albuquerque, NM",BC,S,,,
Sadist,Something to Pierce,March 7,LP,"Prog-metal, Technical Death metal",Harsh,"Genova, Italy",BC,S,YT,,
Voidchaser,Trust,March 7,EP,Prog-metal,Mixed,"Montreal, Canada",BC,S,YT,,
Corporal Punishment,Inverted Demise,March 7,LP,Death metal,Harsh,"Toulouse, France",BC,S,,,
Ingrown,Idaho,March 7,LP,"Metalcore, Hardcore Punk",Harsh,"Boise, ID",BC,S,,,
Necrambulant,Upheaval of Malignant Necrambulance,March 7,LP,"Brutal Death metal, Slam Death metal",Harsh,"Phoenix, AZ",BC,S,,,
Deathless Legacy,Damnatio Aeterna,March 7,LP,Symphonic metal,Clean,"Pisa, Italy",BC,S,,,
Combust,Belly of the Beast,March 7,LP,"Hardcore, Metalcore",Harsh,"New York, NY",BC,S,,,
Moros,Recrudescent Horror,March 7,EP,"Death metal, Doom metal, Sludge metal",Harsh,"Philadelphia, PA",BC,S,YT,,
Reekmind,Mired in the Reek of Grief,March 7,LP,"Death metal, Doom metal, Sludge metal",Harsh,"Sydney, Australia",BC,S,YT,,
Balance Breach,Save Our Souls,March 7,LP,Metalcore,Mixed,"Mikkeli, Finland",BC,S,,,
Pyres,YUN,March 7,LP,"Stoner metal, Sludge metal",Mixed,"Toronto, Canada",BC,S,YT,,
Bleeding Edge,The Devil's Door,March 7,EP,"Death metal, Thrash metal",Harsh,"Sacramento, CA",BC,S,,,
War Magic,Atomic Rites,March 7,LP,Death metal,Harsh,Sweden,BC,S,,,
Carnal Forge,The Fractured Process,March 7,EP,"Melodic Death metal, Thrash metal",Harsh,Sweden,BC,S,,,
Mortuaire,Monde Vide,March 7,LP,Death metal,Harsh,"Bordeaux, France",BC,S,YT,,
Ladeûlas,Ladeûlas,March 7,LP,"Experimental Black metal, Heavy Psych, Free Improv",Harsh,France,BC,,,,
RIFFT,Death Peace,March 7,LP,"Stoner metal, Doom metal, Post-metal",Clean,"Nashville, TN",BC,,,,
The Death Wheelers,The Ecstasy Of Möld,March 7,LP,"Stoner metal, Stoner rock",Instrumental,"Québec, Canada",BC,S,,,
Nekyros,Nyxian Path,March 7,LP,Black metal,Harsh,Germany,BC,S,,,
Edyakaran,Pantheon,March 7,LP,Prog-metal,Instru./Mixed,Italy,BC,S,,,
Selvforakt,Ormstukken,March 7,LP,"Black metal, Crust Punk",Harsh,"Tromsø, Norway",BC,,,,
Irony Of Fate,Equinox,March 7,LP,Melodic Death metal,Harsh,"Bern, Switzerland",BC,S,,,
The Vice,A Great Unrest,March 7,EP,Black 'n' Roll,Harsh,Sweden,BC,S,,,
Ninkharsag,The Black Swords of Winter,March 7,EP,Melodic Black metal,Harsh,UK,BC,S,,,
Dead Hour Noise,Slow Burn,March 7,LP,Mathcore,Harsh,"Lansing, MI",BC,S,,,
Niveous,Endless Snowfall,March 7,EP,Black metal,Harsh,"Milwaukee, WI",BC,S,,,
Erocis,The Sunken Lands,March 7,LP,"Melodic Death metal, Folk metal",Mixed,"Paris, France",BC,S,YT,,
Hypermass,Apparition Day,March 7,EP,Melodic Death metal,Harsh,"Trondheim, Norway",BC,S,,,
Idmon's Aegis,Under the Auspices of Idmon,March 7,LP,Epic Heavy metal,Clean,"Athens, Greece",BC,,,,
Myriad Drone,A World Without Us,March 7,LP,"Prog-metal, Post-metal",Mixed,"Melbourne, Australia",BC,S,,,
I Dreamt The Sea,Self-Titled,March 10,LP,"Melodic Hardcore, Post-Hardcore",Mixed,US,BC,,,,
Visions of Atlantis,Armada live Over Europe,March 11,LP,"Symphonic metal, Power metal",Clean,Austria,BC,,,,
Tentacult,Untamed Revulsion,March 11,LP,Death metal,Harsh,"Sacramento, CA",BC,,,,
Rhûn,Burial Pact,March 12,EP,Psychedelic Black metal,Harsh,"Portland, ME",BC,,,,
Warhammer,Total Maniac,March 12,LP,"Death metal, Doom metal, Thrash metal",Harsh,Germany,BC,,,,
Fange,Purulences,March 14,LP,Sludge metal,Harsh,"Brittany, France",BC,,,,
Manntra,Titans,March 14,LP,Folk metal,Clean,"Umag, Croatia",BC,,,,
Nasty,Black My Heart,March 14,EP,"Beatdown Hardcore, Metalcore",Harsh,Belgium,BC,,,,
Red Fang,Deep Cuts,March 14,LP,"Stoner metal, Stoner rock, Sludge metal",Clean,"Portland, OR",BC,,,,
Hanging Garden,The Unending,March 14,EP,"Doom metal, Gothic metal",Mixed,"Helsinki, Finland",BC,,,,
Ainsoph,Affection & Vengeance,March 14,LP,"Prog-metal, Avant-Garde metal, Post-Punk",Mixed,"Amsterdam, Netherlands",BC,,,,
Rwake,The Return Of Magik,March 14,LP,"Prog-metal, Sludge metal, Doom metal",Harsh,"Little Rock, AR",BC,,,,
The Body & Intensive Care,Was I Good Enough?,March 14,LP,"Drone metal, Sludge metal, Noise rock",Harsh,US / Canada,BC,,,,
Guts Club,Please Come Back To The Farm,March 14,LP,"Doomgaze, Drone metal",Mixed,"New Orleans, LA",BC,,,,
Mikau,Agartha,March 14,LP,"Metalcore, Post-Hardcore",Mixed,"Washington, DC",BC,,,,
Nomadic Rituals,Fust,March 14,LP,"Sludge metal, Doom metal",Harsh,"Belfast, Northern Ireland",BC,,,,
Tiktaalika,Gods of Pangaea,March 14,LP,Prog-metal,Clean,"London, UK",BC,,,,
Dessiderium,Keys To The Palace,March 14,LP,"Prog-metal, Melodic Death metal",Mixed,"Phoenix, AZ",BC,,,,
Bruised Core,Cloaked World,March 14,LP,Black metal,Harsh,"Portland, OR",BC,,,,
Embrium,Timekeeper,March 14,LP,"Blackgaze, Post-metal",Mixed,"San Francisco, CA",BC,,,,
Nite,Cult of the Serpent Sun,March 14,LP,"Black metal, Heavy metal",Harsh,"San Francisco, CA",BC,,,,
Purified In Blood,Primal Pulse Thunder,March 14,LP,"Metalcore, Melodic Death metal",Harsh,"Stavanger, Norway",BC,,,,
Warbringer,Wrath And Ruin,March 14,LP,Thrash metal,Harsh,"Ventura, CA",BC,,,,
SOM,Let The Light In,March 14,LP,"Post-metal, Alt-metal, Shoegaze",Clean,US,BC,,,,
Ade,Supplicium,March 14,LP,Death metal,Harsh,"Rome, Italy",BC,,,,
Seeds Of Torment,Those Who Feed the Maw,March 14,LP,Death metal,Harsh,Germany,BC,,,,
Downpour ,"Where There Is Life, There Is Hope",March 14,LP,"Post-Hardcore, Melodic Hardcore",Mixed,United Kingdom,,,,,
Kerberos,Apostle to the Malevolent,March 14,LP,"Prog-metal, Symphonic Death metal",Mixed,"Winterthur, Switzerland",BC,,,,
Nightstalker,Return From The Point Of No Return,March 14,LP,Stoner metal,Clean,"Athens, Greece",BC,,,,
Trold,I Skovens Rige,March 14,LP,Folk metal,Harsh,Denmark,BC,,,,
Museum of Light,Diviner,March 14,LP,"Post-metal, Doomgaze",Clean,"Seattle, WA",BC,,,,
Temperance,From Hermitage To Europe,March 14,LP,"Power metal, Symphonic metal",Clean,"Milan, Italy",BC,,,,
Cartilage,Tales From The Entrails: A Necrology,March 14,EP,"Death metal, Deathgrind",Harsh,"San Francisco, CA",BC,,,,
Sanhedrin,Heat Lightning,March 14,LP,Heavy metal,Clean,"Brooklyn, NY",BC,,,,
Heathen,Bleed the World: Live,March 14,LP,"Thrash metal, Heavy metal",Clean,"San Francisco, CA",BC,,,,
Helvitnir,Wolves of the Underworld,March 14,LP,Black metal,Harsh,Norway,BC,,,,
Ciconia,Synaesthetic Garbage,March 14,LP,Prog-metal,Instrumental,Spain,BC,,,,
Depraver,Necrocryptic Obliteration,March 14,LP,Death metal,Harsh,"California, CA",BC,,,,
Crushuman,Besides,March 14,LP,"Grindcore, Death metal, Hardcore Punk",Harsh,US,BC,,,,
Déhà,Nethermost & Absolute Comfort,March 14,LP,Funeral Doom metal,Mixed,"Brussels, Belgium",BC,,,,
Moonlit Monolith,No Space To Grow,March 14,LP,Metalcore,Mixed,"Pittsburgh, PA",BC,,,,
Cepheide,Exauce,March 14,EP,"Atmospheric Black metal, Post-Black metal",Instrumental,"Paris, France",BC,,,,
Monna,Formed In Fractures,March 14,LP,"Post-metal, Doom metal",Mixed,UK,BC,,,,
Aura Fragment,Aura Fragment II,March 14,LP,Prog-metal,Instru./Mixed,"Madrid, Spain",BC,,,,
Eisbrecher,Kaltfront,March 14,LP,"Industrial metal, Neue Deutsche Härte",Clean,Germany,BC,,,,
Alzhagoth,Ad Finem,March 14,LP,"Melodic Death metal, Symphonic Death metal",Harsh,"Padua, Italy",BC,,,,
Wombbath,Beyond The Abyss,March 14,LP,Death metal,Harsh,Sweden,BC,,,,
An Evening With Knives,End of Time,March 15,LP,"Post-metal, Sludge metal, Stoner metal",Mixed,"Eindhoven, Netherlands",BC,,,,
Voluptas,Where Celestial Bodies Guide Not,March 15,LP,Experimental Black metal,Harsh,"Prague, Czech Republic",BC,,,,
Heathen Heretic,Whispers from the Abyss,March 15,LP,"Melodic Death metal, Black metal",Mixed,"Zürich, Switzerland",BC,,,,
"At First, At First",The Courage of Shutting Up,March 15,EP,"Emoviolence, Screamo",Mixed,"Denton, Texas",,,,,
Dione,Astrolatry,March 15,LP,"Prog-metal, Dissonant Black metal",Harsh,Poland,BC,,,,
Predator,Unsafe Space,March 18,LP,"Speed metal, Heavy metal",Clean,"Hermosa Beach, CA",BC,,,,
Pyramid Mass,Gargling Rot,March 18,LP,"Black metal, Death metal, Doom metal, Hardcore",Harsh,"Richmond, VA",BC,,,,
Cabinet,Anhedonia,March 18,LP,"Death metal, Black metal",Harsh,"Mammoth Lakes, CA",BC,,,,
Chiasma,Reaches,March 20,LP,Prog-metal,Clean,"Indianapolis, IN",BC,,,,
Sculforge,Cosmic Crusade Chronicles,March 20,LP,Power metal,Clean,"Mannheim, Germany",BC,,,,
Sergeant Thunderhoof,Avon Calling,March 20,LP,"Stoner metal, Heavy Psych",Clean,"Bath, UK",BC,,,,
Corpus Offal,Corpus Offal,March 21,LP,Death metal,Harsh,US,BC,,,,
A Day to Remember ,Big Ole Album Vol. 1,March 21,LP,"Alt-metal, Pop Punk, Metalcore",Mixed,"Ocala, FL",,,,,
Tower,Let There Be Dark,March 21,LP,Heavy metal,Clean,"New York, NY",BC,,,,
Burning Palace,Elegy,March 21,LP,"Technical Death metal, Dissonant Death metal",Harsh,"Santa Rosa, CA",BC,,,,
Sunvher,AROVMIA,March 21,LP,"Atmospheric Black metal, Blackgaze, Post-rock",Mixed,"Coquimbo, Chile",BC,,,,
Iron Form,Cut From Cold Blood,March 21,EP,Metalcore,Harsh,"London, UK",BC,,,,
Kazea,I. Ancestral,March 21,LP,Post-metal,Mixed,Sweden,BC,,,,
Sometime in February,Where Mountains Hide,March 21,LP,Prog-metal,Instrumental,"Charlotte, NC",BC,,,,
Bloodywood,Nu Delhi,March 21,LP,"Nu metal, Rap metal, Metalcore",Mixed,"New Delhi, India",BC,,,,
Ghostsmoker,Inertia Cult,March 21,LP,"Black metal, Doom metal, Sludge metal",Harsh,"Melbourne, Australia",BC,,,,
Dissocia,To Lift The Veil,March 21,LP,Prog-metal,Mixed,Spain / US,BC,,,,
As the World Dies,Nebula,March 21,LP,"Prog-metal, Death metal",Harsh,"Birmingham, UK",,,,,
Imperial Triumphant,Goldstar,March 21,LP,"Avant-Garde Black metal, Technical Death metal",Harsh,"New York, NY",BC,,,,
Stormo,Tagli / Talee,March 21,LP,"Mathcore, Screamo",Harsh,Italy,BC,,,,
SpiritWorld,Helldorado,March 21,LP,"Metalcore, Thrash metal, Western",Mixed,"Las Vegas, NV",BC,,,,
Calyces,Fleshy Waves of Probability,March 21,LP,Prog-metal,Mixed,"Athens, Greece",BC,,,,
Diatheke,...And The Word Was God,March 21,LP,"Prog-metal, Death metal",Mixed,"Dallas, TX",BC,,,,
Tiberius,Singing for Company,March 21,LP,Prog-metal,Clean,"Edinburgh, Scotland",BC,,,,
Aversed,Erasure of Color,March 21,LP,"Prog-metal, Melodic Death metal",Mixed,"Boston, MA",BC,,,,
Cradle of Filth,The Screaming of the Valkyries,March 21,LP,Symphonic Black Metal,Harsh,"England, UK",,,,,
Euphrosyne,Morus,March 21,LP,"Post-Black metal, Doom metal",Mixed,"Athens, Greece",BC,,,,
Noisepicker,The Earth Will Swallow The Sun,March 21,LP,"Stoner metal, Doom metal",Clean,UK,BC,,,,
Damon Systema,Ate,March 21,LP,"Death metal, Thrash metal",Harsh,Poland,BC,,,,
Dark Driven,From The Unbeliever,March 21,LP,"Gothic metal, Doom metal",Harsh,Sweden,BC,,,,
Bodybox,3,March 21,LP,"Brutal Death metal, Slam Death metal",Harsh,"Orlando, FL",BC,,,,
Pop Evil,What Remains,March 21,LP,Alt-metal,Mixed,"North Muskegon, MI",BC,,,,
Gates to Hell,Death Comes To All,March 21,LP,"Deathcore, Metalcore",Harsh,"Louisville, KY",BC,,,,
Katla,Scandinavian Pain,March 21,LP,"Sludge metal, Doom metal",Harsh,"Copenhagen, Denmark",BC,,,,
BÅKÜ,SOMA,March 21,LP,"Post-metal, Doom metal, Sludge metal",Harsh,France,BC,,,,
U Kronakh,Archaic Dance of the Winds,March 21,LP,"Atmospheric Black metal, Death metal",Harsh,Ukraine,BC,,,,
Oobris Ios,Vospat,March 21,EP,"Dissonant Death metal, Black metal",Harsh,Canada,BC,,,,
Throne,"That Who Sat Upon Him, Was Death",March 21,LP,"Death metal, Black metal",Harsh,"Jackson, MI",BC,,,,
Defender,Dying to Live,March 21,LP,"Thrash metal, Speed metal",Clean,"Balingen, Germany",BC,,,,
Amammoth,Distant Skies and the Ocean Flies,March 21,LP,"Stoner metal, Sludge metal, Doom metal",Harsh,"Sydney, Australia",BC,,,,
Wythersake,At War With Their Divinity,March 21,LP,Death metal,Harsh,"Washington, DC",BC,,,,
Ashes In The Fall,Where Serenity Prevails,March 21,EP,"Prog-metal, Death metal, Post-metal",Mixed,"Helsinki, Finland",,,,,
Rothadás,Töviskert... a kísértés örök érzete... lidércharang,March 21,LP,Death Doom metal,Harsh,"Szeged, Hungary",BC,,,,
Marble Orchard,Ruminations of Ruin,March 21,LP,Doom metal,Clean,"San Antonio, TX",BC,,,,
Hidden Intent,Terrorform,March 21,LP,Thrash metal,Mixed,"Adelaide, Australia",BC,,,,
Neroth,Transcendence,March 21,LP,Black metal,Clean,Netherlands,BC,,,,
Soul Demise,Against The Abyss,March 21,LP,Melodic Death metal,Harsh,Germany,BC,,,,
Psyclon Nine,And Then Oblivion,March 21,LP,"Industrial metal, Dark Electro",Mixed,"Los Angeles, CA",BC,,,,
Embrional,Inherited Tendencies for Self-Destruction,March 21,LP,Death metal,Harsh,Poland,BC,,,,
Starved of Light,Into Early Mourning,March 21,LP,Technical Death metal,Harsh,"Atlanta, GA",BC,,,,
Eternal White Trees,Prelude Of Loss,March 21,LP,"Gothic metal, Doom metal",Clean,Italy,BC,,,,
Calathea,Flowers & Knives,March 21,EP,"Post-Hardcore, Screamo",Harsh,"Bizkaia, Spain",BC,,,,
High Grind,War On Drugs,March 21,LP,Stoner metal,Harsh,Mexico,BC,,,,
Serial Hawk,Psychic Pain,March 21,LP,"Stoner metal, Doom metal",Clean,"Seattle, WA",BC,,,,
Mechina,Bellum Interruptum,March 23,LP,"Symphonic metal, Cyber metal",Mixed,"Chicago, IL",,,,,
Apparitions,Volcanic Reality,March 24,LP,Experimental Drone metal,Instrumental,"Houston, TX",BC,,,,
Rattenburcht,Vampyric Vessel,March 24,LP,"Black metal, Punk",Harsh,Netherlands,BC,,,,
Cult of Fire,"The One, Who is Made of Smoke",March 26,LP,Atmospheric Black metal,Mixed,"Prague, Czechia",BC,,,,
Spiine,Tetraptych,March 27,LP,"Black metal, Doom metal",Harsh,Australia,BC,,,,
Vintras,Timescarred,March 27,LP,Post-Black metal,Harsh,UK,BC,,,,
Within Fractals,Samsara,March 27,LP,Prog-metal,Instrumental,"Pontarlier, France",BC,,,,
Ingurgitating Oblivion,Cadence and Perspective in Desolation,March 28,EP,"Avant-Garde metal, Technical Death metal",Harsh,"Berlin, Germany",BC,,,,
Nospūn,Ozai,March 28,EP,Prog-metal,Mixed,"Charlotte, NC",,,,,
Labyrinthine Heirs,Labyrinthine Heirs,March 28,LP,Experimental Black metal,Harsh,"Austin, TX",BC,,,,
The Overmold,The Overmold,March 28,LP,"Doom metal, Drone metal",Mixed,US,BC,,,,
Sarmat,Upgrade,March 28,EP,"Prog-metal, Death metal, Jazz Fusion",Harsh,"New York, NY",BC,,,,
Underoath,The Place After This One,March 28,LP,"Metalcore, Post-Hardcore",Mixed,"Tampa, FL",BC,,,,
Sicksense,Cross Me Twice,March 28,LP,"Alt-metal, Metalcore",Mixed,"Phoenix, AZ",,,,,
Judicator,Concord,March 28,LP,"Prog-metal, Power metal",Clean,"Tucson, AZ",BC,,,,
Autumn’s Dawn,We Lost Our Hope Along The Way,March 28,LP,"Atmospheric Black metal, Blackgaze, DSBM",Mixed,"Wollongong, Australia",BC,,,,
Savage Master,Dark & Dangerous,March 28,LP,Heavy metal,Clean,"Louisville, KY",BC,,,,
Panthalassan,From the Shallows of the Mantle,March 28,LP,"Prog-metal, Power metal",Clean,"Calgary, Canada",BC,,,,
Daevar,Sub Rosa,March 28,LP,"Stoner metal, Doom metal",Clean,"Cologne, Germany",BC,,,,
Deafheaven,Lonely People with Power,March 28,LP,"Blackgaze, Post-metal",Mixed,"San Francisco, CA",,,,,
Silent Planet & Invent Animate,Bloom in Heaven,March 28,EP,Metalcore,Mixed,US,,,,,
Amenra,With Fang and Claw,March 28,EP,Atmospheric Sludge metal,Mixed,"Kortrijk, Belgium",BC,,,,
Amenra,De Toorn,March 28,EP,Atmospheric Sludge metal,Mixed,"Kortrijk, Belgium",BC,,,,
Grey Aura,Zwart vierkant: Slotstuk,March 28,LP,"Prog-metal, Avant-Garde metal, Black metal",Mixed,"Utrecht, Netherlands",BC,,,,
Paths to Deliverance,Ten,March 28,LP,Avant-Garde Black metal,Harsh,"Lille, France",BC,,,,
Alien Weaponry,Te Rā,March 28,LP,"Groove metal, Alt-metal, Thrash metal",Mixed,New Zealand,BC,,,,
Telepathy,Transmissions,March 28,LP,"Atmospheric Sludge metal, Post-metal",Instrumental,"Essex, UK",BC,,,,
Pleiades,"If Your Roots Run Deep, You Can't Fear The Wind",March 28,EP,"Post-Metal, Post-Rock, Post-Hardcore",Mixed,"Manchester, UK",,,,,
Memphis May Fire,Shapeshifter,March 28,LP,Metalcore,Mixed,"Texas, US",,,,,
Arch Enemy,Blood Dynasty,March 28,LP,Melodic Death metal,Harsh,"Halmstad, Sweden",BC,,,,
Mercy Ties,Reflections and Criticisms,March 28,LP,Mathcore,Harsh,"Seattle, WA",BC,,,,
Seven Sisters,Shadow Of A Fallen Star Pt​.​2,March 28,EP,"Heavy metal, Power metal",Clean,"London, UK",BC,,,,
Vemød,Burden,March 28,EP,"Prog-metal, Metalcore",Clean,"Gothenburg, Sweden",BC,,,,
Hexecutor,…Where Spirit Withers in its Flesh Constraint,March 28,LP,"Thrash metal, Black metal, Speed metal",Harsh,"Rennes, France",BC,,,,
Lady Beast,The Inner Alchemist,March 28,LP,Heavy metal,Clean,"Pittsburgh, PA",BC,,,,
Gallower,Vengeance & Wrath,March 28,LP,"Thrash metal, Speed metal",Clean,"Tychy, Poland",BC,,,,
Crawling Chaos,Wyrd,March 28,LP,Death metal,Harsh,Italy,BC,,,,
Luicfer's Child,The Illuminant,March 28,LP,Black metal,Harsh,"Athens, Greece",BC,,,,
Lauren Babic,Too Much & Never Enough,March 28,EP,"Metalcore, Post-Hardcore",Mixed,"Toronto, Canada",,,,,
Forlorn,Aether,March 28,LP,"Prog-metal, Metalcore",Mixed,"London, UK",BC,,,,
Chamber Mage,By Light of Emerald Gods,March 28,LP,Heavy metal,Clean,"Denver, CO",BC,,,,
Serpent Rider,The Ichor of Chimaera,March 28,LP,Epic Heavy metal,Clean,"Seattle, WA",BC,,,,
Doomsday,Never Known Peace,March 28,LP,Crossover Thrash,Harsh,"Oakland, CA",BC,,,,
Sammale,Ikiharmaja,March 28,LP,"Atmospheric Black metal, Pagan Black metal",Harsh,Finland,BC,,,,
Decrepisy,Deific Mourning,March 28,LP,Death metal,Harsh,"Portland, OR",BC,,,,
The Warriors,Burn Yourself Alive.,March 28,LP,Metalcore,Harsh,"Oxnard, CA",BC,,,,
Orbital Gate,Demonstration of Post Apocalyptic Warfare,March 28,LP,Brutal Death metal,Harsh,"Cary, IL",BC,,,,
Svartsyn,Vortex of the Destroyer,March 28,LP,Black metal,Harsh,Sweden,BC,,,,
Teitanblood,From the Visceral Abyss,March 28,LP,"Death metal, Black metal",Harsh,Spain,BC,,,,
Industrial Puke,Alive To No Avail,March 28,LP,"Death metal, Hardcore, Crust",Harsh,"Gothenburg, Sweden",BC,,,,
Fleshspoil,The Beginning Of The End,March 28,LP,"Black metal, Death metal",Harsh,"Troy, NY",BC,,,,
Pillars Of Cacophony,Paralipomena,March 28,LP,"Technical Death metal, Dissonant Death metal",Harsh,"Graz, Austria",BC,,,,
Elle Tea,Into The Fall,March 28,EP,Heavy metal,Clean,"Florence, Italy",BC,,,,
Chiaroscuro,Chiaroscuro,March 28,EP,"Technical Death metal, Black metal",Harsh,"Baltimore, MD",BC,,,,
Grumo,Sons Of Disgust,March 29,LP,"Death metal, Grindcore",Harsh,Italy,BC,,,,
NevBorn,Alkaios · Part II · The Peacock,March 30,LP,"Prog-metal, Post-metal",Mixed,Switzerland,,,,,
Red Dead,Paths Across the Graves,March 31,LP,Death metal,Harsh,"Bayonne, France",BC,,,,
Crossed,Realismo Ausente,March 31,LP,Metalcore/Noise Rock,Harsh,"Madrid, Spain",BC,,,,
Eonian,Born From Ice,March 31,LP,"Melodic Death metal, Symphonic metal",Mixed,"Knoxville, TN",BC,,,,
Crossed,Realismo Ausente,March 31,LP,"Metalcore, Hardcore Punk, Noise rock",Harsh,"Madrid, Spain",BC,,,,
Unbounded Terror,Something is Rotten in Humanity,April 1,LP,Death metal,Harsh,Spain,BC,,,,
Bleeth,Marionette,April 1,LP,"Post-metal, Doom metal, Sludge metal",Harsh,"Miami, FL",BC,,,,
From Below,The Deeds of Monsters,April 1,EP,"Hardcore Punk, Crust",Harsh,"North Carolina, NC",BC,,,,
Obstruktion,The End Takes Form,April 1,LP,Metalcore,Harsh,"Gothenburg, Sweden",BC,,,,
Tyrannosatan,Babylons Skräck,April 2,EP,"Black metal, Thrash metal",Harsh,"Gothenburg, Sweden",BC,,,,
Zeolite,L'Appel Du Vide,April 2,LP,Technical Deathcore,Harsh,"Melbourne, Australia",BC,,,,
Living Tales,Hades,April 3,LP,"Prog-metal, Symphonic metal",Clean,"Porto, Portugal",BC,,,,
Seven,Interdimensional Act III: Shadows In The Sky,April 4,LP,"Prog-metal, Djent",Clean,"Las Vegas, NV",BC,,,,
Habak,Mil orquídeas en medio del desierto,April 4,LP,"Post-metal, Screamo, Crust Punk",Harsh,"Tijuana, Mexico",BC,,,,
Illyria,The Walk of Atonement,April 4,EP,"Progressive Metal, Black Metal",Mixed ,"Perth, Australia",BC,,,,
Allegaeon,The Ossuary Lens,April 4,LP,"Prog-metal, Technical Death metal, Melodic Death metal",Mixed,"Denver, CO",BC,,,,
Tómarúm,Beyond Obsidian Euphoria,April 4,LP,"Prog-metal, Death metal, Black metal",Mixed,"Atlanta, GA",BC,,,,
Mizmor & Hell,Alluvion,April 4,LP,"Black metal, Doom metal, Sludge metal",Harsh,US,BC,,,,
Thornhill,Bodies,April 4,LP,"Alt-metal, Metalcore, Shoegaze",Mixed,"Melbourne, Australia",,,,,
Hteththemeth,Telluric Inharmonies,April 4,LP,"Prog-metal, Avant-Garde metal",Clean,"Brașov, Romania",,,,,
Pigs Pigs Pigs Pigs Pigs Pigs Pigs,Death Hilarious,April 4,LP,"Stoner metal, Heavy Psych",Clean,"Newcastle, UK",BC,,,,
Buried Realm,The Dormant Darkness,April 4,LP,"Prog-metal, Melodic Death metal",Harsh,"Colorado Springs, CO",BC,,,,
Bleed From Within,Zenith,April 4,LP,"Deathcore, Melodic Metalcore",Harsh,"Dortmund, Germany",,,,,
Fractal Universe,The Great Filters,April 4,LP,"Prog-metal, Technical Death metal",Mixed,"Paris, France",BC,,,,
Warfield,With The Old Breed,April 4,LP,Thrash metal,Harsh,"Kaiserslautern, Germany",BC,,,,
Wrath of Logarius,Crown of Mortis,April 4,LP,Black metal,Harsh,"California, CA",BC,,,,
Luna Kills,Deathwatch,April 4,LP,"Alternative Metal, Nu-Metal",Mixed ,Finland,,,,,
Tundra,Eternal,April 4,LP,Deathcore,Mixed,"Kansas City, KS",BC,,,,
Rotting Christ,35 Years of Evil Existence - Live in Lycabettus,April 4,LP,Melodic Black metal,Harsh,"Athens, Greece",BC,,,,
Visceral,Eyes Teeth and Bones,April 4,LP,Death metal,Harsh,Portugal,,,,,
Aldaaron,Par-delà les cimes,April 4,LP,Melodic Black metal,Harsh,"Grenoble, France",BC,,,,
BLIGHT,"Like Me, You Will Be Empty",April 4,EP,Deathcore,Harsh,United States,,,,,
Benediction,Ravage of Empires,April 4,LP,Death metal,Harsh,"Birmingham, UK",BC,,,,
Nortt,Dødssang,April 4,LP,"Funeral Doom metal, Black metal",Harsh,"Odense, Denmark",BC,,,,
Verheerer,Urgewalt,April 4,LP,Black metal,Harsh,"Flensburg, Germany",BC,,,,
Belnejoum,Dark Tales of Zarathustra,April 4,LP,Symphonic Black metal,Mixed,"Arlington, VA",BC,,,,
Dart,Speed Days,April 4,LP,"Speed metal, Hardcore Punk",Harsh,"Oulu, Finland",BC,,,,
Chronepsis,Weight of Eternity,April 4,EP,"Prog-metal, Technical Death metal",Harsh,"Clementon, NJ",BC,,,,
Funeral Dancer,Fiends Of The Outer Wave,April 4,EP,"Black 'n' Roll, Heavy metal",Harsh,"New York, NY",BC,,,,
Kiritsis,Kiritsis,April 4,LP,Sludge metal,Harsh,"Indianapolis, IN",BC,,,,
Bloody Valkyria,"In Our Home, Across The Fog",April 4,LP,"Melodic Black metal, Symphonic metal",Harsh,Finland,BC,,,,
Eldamar,Astral Journeys Pt. II: Dissolution,April 4,LP,"Atmospheric Black metal, Melodic Black metal",Mixed,Norway,BC,,,,
Pestifer,Ravaging Fury,April 5,LP,Death metal,Harsh,"Porto, Portugal",BC,,,,
Wurmian,Immemorial Shrine,April 6,LP,"Melodic Death metal, Doom metal",Harsh,"Clermont Ferrand, France",BC,,,,
Ryoji Shinomoto,Children Of Bushido,April 8,LP,"Samurai metal, Symphonic metal, Heavy metal",Mixed,"Hokkaido, Japan",BC,,,,
Fryktelig Støy,Incandescent,April 11,LP,"Black metal, Doom metal",Harsh,Australia,BC,,,,
Neptunian Maximalism,Le Sacre Du Soleil Invaincu,April 11,LP,"Avant-Garde metal, Doom metal, Classical, Heavy Psych",Instru./Clean,"Brussels, Belgium",BC,,,,
Slough Feg,Traveller Supplement 1: The Ephemeral Glades,April 11,EP,Heavy metal,Clean,"San Francisco, CA",BC,,,,
The Birthday Massacre,Pathways,April 11,LP,"Alt-metal, Industrial metal, Synthpop",Clean,"Toronto, Canada",BC,,,,
Cabal,Everything Rots,April 11,LP,"Deathcore, Metalcore, Djent",Harsh,"Copenhagen, Denmark",BC,,,,
High Council,Cruel and Unusual,April 11,LP,"Prog-metal, Epic Doom metal, Heavy metal",Clean,"Philadelphia, PA",BC,,,,
Blood Abscission,II,April 11,LP,Atmospheric Black metal,Harsh,International,BC,,,,
Epica,Aspiral,April 11,LP,Symphonic metal,Clean,Netherlands,,,,,
Benthos,From Nothing,April 11,LP,Prog-metal,Mixed,"Milan, Italy",BC,,,,
Idle Heirs,Life is Violence,April 11,LP,Post-metal,Mixed,"Kansas City, MO",BC,,,,
Messa,The Spin,April 11,LP,Doom metal,Clean,Italy,BC,,,,
In the Woods...,Otra,April 11,LP,Prog-metal,Clean,"Kristiansand, Norway",BC,,,,
Flummox,Southern Progress,April 11,LP,"Avant-Garde Metal, Progressive Metal",Mixed,"Tennessee, US",BC,,,,
Annisokay,Abyss Pt. 2,April 11,EP,Metalcore,Mixed,"Saale, Germany",,,,,
Within Destruction,Animetal,April 11,LP,"Metalcore, Deathcore, Melodic Death Metal",Harsh,Slovenia,,,,,
Sonum,The Obscure Light Awaits,April 11,LP,"Prog-metal, Dissonant Death metal",Harsh,"Vicenza, Italy",BC,,,,
Imperishable,Swallowing The World,April 11,LP,Death metal,Harsh,"Gothenburg, Sweden",BC,,,,
Leper Colony,Those Of The Morbid,April 11,LP,Death metal,Harsh,Germany,BC,,,,
Elvenking,Reader of the Runes: Luna,April 11,LP,"Power metal, Folk metal",Clean,Italy,,,,,
Miss Vain,Sempiternal Drive,April 11,EP,Alt-metal,Mixed,"Tampere, Finland",BC,,,,
Håndgemeng,Satanic Panic Attack,April 11,LP,"Stoner metal, Sludge metal",Mixed,"Drøbak, Norway",BC,,,,
Final Dose,Under the Eternal Shadow,April 11,LP,"Black metal, Hardcore Punk",Harsh,"London, UK",BC,,,,
Stander,Collapsing,April 11,LP,Post-metal,Mixed,"Chicago, IL",BC,,,,
Vulvectomy,Aberrant Vaginal Gestation,April 11,LP,"Brutal Death metal, Slam Death metal",Harsh,Italy,BC,,,,
Putrid Offal,Obliterated Life,April 11,LP,"Death metal, Grindcore",Harsh,"Valenciennes, France",BC,,,,
The Man-Eating Tree,Night Verses,April 11,LP,Melodic Death metal,Mixed,"Oulu, Finland",BC,,,,
The Infernal Deceit,The True Harmful Black,April 11,LP,Melodic Black metal,Harsh,Germany,BC,,,,
Fuzzripper,Poltergeist,April 11,LP,"Heavy metal, Synthwave",Clean,"Clarksville, TN",BC,,,,
Seraphlesh,Effigy,April 11,LP,"Prog-metal, Melodic Death metal",Mixed,"Seattle, WA",BC,,,,
Normal Creatures,Fluorescent Black,April 11,LP,"Alt-metal, Rap rock",Mixed,"Pittsburgh, PA",BC,,,,
Rýr,Dislodged,April 11,LP,Post-metal,Instrumental,"Berlin, Germany",BC,,,,
Diabolizer,Murderous Revelations,April 11,LP,Death metal,Harsh,"İstanbul, Turkey",BC,,,,
Elderwind,Древнее Древних/Older than Ancient,April 12,LP,Atmospheric Black metal,Harsh,Russia,BC,,,,
Ukakuja,Kōbi no gishiki,April 15,LP,"Avant-Garde metal, Grindcore",Harsh,US / UK,BC,,,,
Skin Thief,Frozen in the Act of Breaking,April 16,LP,"Prog-metal, Post-metal",Instrumental,"Melbourne, Australia",,,,,
Tribunal,In Penitence and Ruin,April 18,LP,"Doom metal, Gothic metal",Mixed,"Vancouver, Canada",BC,,,,
LIK,Necro,April 18,LP,Death metal,Harsh,"Stockholm, Sweden",BC,,,,
Ostraca,Eventualities,April 18,LP,"Screamo, Post-metal",Harsh,"Richmond, VA",BC,,,,
Lux Terminus,Cinder,April 18,LP,"Prog-metal, Jazz Fusion",Instru./Clean,"Cleveland, OH",,,,,
Ancient Death,Ego Dissolution,April 18,LP,Death metal,Harsh,"Massachusetts, MA",BC,,,,
Ostraca,Eventualities ,April 18,EP,Screamo,Harsh ,"Richmond, Virginia",,,,,
Melvins,Thunderball,April 18,LP,"Sludge metal, Alt-rock, Grunge",Instru./Clean,"Hollywood, CA",BC,,,,
Dormant Ordeal,Tooth and Nail,April 18,LP,Technical Death metal,Harsh,"Kraków, Poland",BC,,,,
Superheaven,Superheaven,April 18,LP,"Post-Grunge, Shoegaze",Mixed,Pennsylvania,BC,,,,
Crypts of Despair,We Belong In The Grave,April 18,LP,Death metal,Harsh,Lithuania,BC,,,,
Divide and Dissolve,Insatiable,April 18,LP,"Atmospheric Sludge metal, Drone metal",Instrumental,"Melbourne, Australia",BC,,,,
SVNTH,Pink Noise Youth,April 18,LP,"Blackgaze, Post-Hardcore",Mixed,"Rome, Italy",BC,,,,
Ayreon,The Human Equation (Remixed & Remastered),April 18,LP,"Prog-metal, Rock Opera",Clean,Netherlands,BC,,,,
Ashenheart,Tales From Eternal Dusk,April 18,EP,"Black metal, Death metal",Harsh,"Michigan, MI",BC,,,,
Ungraven,Hollows Made Homes In Their Sunken Cheeks,April 18,LP,"Sludge metal, Doom metal",Harsh,"Liverpool, UK",BC,,,,
Kexelür,Epigrama de un pasado perdido,April 18,EP,"Prog-metal, Dissonant Black metal",Harsh,"Santiago, Chile",BC,,,,
Morna,Swan Song,April 18,LP,"Post-metal, Alt-metal, Shoegaze",Mixed,Germany,BC,,,,
Karg,Marodeur,April 18,LP,"Blackgaze, Post-metal",Mixed,Austria,BC,S,,,
Horrid Human Condition,Perpetual Imbalance,April 18,LP,"Grindcore, Crust Punk",Harsh,Italy,BC,,,,
Exterminatus,Echoes From A Distant Star Part I,April 18,LP,Technical Death metal,Harsh,"Vancouver, Canada",BC,,,,
Tetramorphe Impure,The Sunset Of Being,April 18,LP,Death Doom metal,Harsh,"Alessandria, Italy",BC,,,,
RuinsZu,Jazzisdead Live,April 18,LP,"Jazzcore, Mathcore",Mixed,"Rome, Italy",BC,,,,
Silver Knife,Silver Knife,April 19,LP,Atmospheric Black metal,Harsh,"Brussel, Belgium",BC,,,,
Lhaäd,Beyond,April 19,LP,Atmospheric Black metal,Harsh,Belgium,BC,,,,
Heavy Heavy Low Low,Pain Olympics,April 20,LP,"Mathcore, Sasscore",Harsh,"San Jose, CA",BC,,,,
Unentity,Unentity,April 20,LP,Melodic Death metal,Harsh,"Guadalajara, Mexico",BC,,,,
Morbific,Bloom of the Abnormal Flesh,April 21,LP,Death metal,Harsh,"Kitee, Finland",BC,,,,
Tuscoma,Mal de Amores,April 25,LP,"Black metal, Hardcore Punk, Post-metal",Harsh,"Wellington, New Zealand",BC,,,,
Ahamkara,The Harrow of the Lost,April 25,LP,Atmospheric Black metal,Harsh,"Cramlington, UK",BC,,,,
The Great Sea,Noble Art Of Desolation,April 25,LP,Black metal,Mixed,Germany,BC,S,,,
Cancer,Inverted World,April 25,LP,Death metal,Harsh,UK,BC,,,,
Imminent Sonic Destruction,Floodgate,April 25,LP,Prog-metal,Clean,"Detroit, MI",BC,,,,
EYES,Spinner,April 25,LP,"Metalcore, Mathcore, Noise rock",Harsh,"Copenhagen, Denmark",BC,,,,
Machine Head,Unatoned,April 25,LP,"Groove metal, Alt-metal, Thrash metal",Mixed,"Oakland, CA",,,,,
BIG|BRAVE,OST,April 25,LP,"Drone metal, Post-rock, Noise rock",Instrumental,"Montréal, Canada",BC,,,,
Wednesday 13,Mid Death Crisis,April 25,LP,"Alt-metal, Horror Punk",Mixed,"Lexington, NC",BC,,,,
Changeling,Changeling,April 25,LP,"Prog-metal, Death metal, Jazz Fusion",Harsh,"Berlin, Germany",BC,,,,
ORIA,This Future Wants Us Dead,April 25,LP,"Prog-metal, Groove metal",Mixed,"Thessaloniki, Greece",BC,,,,
Saetia,Tendrils,April 25,EP,Screamo,Harsh,"New York, NY",,,,,
Felgrave,Otherlike Darknesses,April 25,LP,"Avant-Garde Death metal, Black metal, Doom metal",Mixed,Norway,BC,,,,
Employed To Serve,Fallen Star,April 25,LP,Metalcore,Mixed,"Woking, UK",BC,,,,
Conan,Violence Dimension,April 25,LP,"Sludge metal, Doom metal",Harsh,"Liverpool, UK",BC,,,,
SUMAC and Moor Mother,The Film,April 25,LP,"Atmospheric Sludge metal, Free Improv, Jazz Poetry",Mixed,US,BC,,,,
Landmvrks,The Darkest Place I've Ever Been,April 25,LP,"Metalcore, Hip-Hop, Nu-Metal",Mixed,"Marseille, France ",,,,,
Kardashev ,Alunea,April 25,LP,"Prog-metal, Death metal",Mixed,"Arizona, United States",BC,,,,
Opia,"I Welcome Thee, Eternal Sleep",April 25,LP,"Doom metal, Gothic metal",Mixed,UK,BC,,,,
Eluveitie,Ànv,April 25,LP,"Melodic Death metal, Celtic metal, Folk metal",Mixed,"Bern, Switzerland",,,,,
Ancient Bards,Artifex,April 25,LP,"Symphonic metal, Power metal",Clean,"Rimini, Italy",BC,,,,
Caliban,Back From Hell,April 25,LP,Metalcore,Mixed,"Essen, Germany",BC,,,,
Listless,Listless,April 25,LP,Depressive Black metal,Harsh,"Victoria, Canada",BC,,,,
Behölder,In the Temple of the Tyrant,April 25,LP,Epic Doom metal,Clean,"Philadelphia, PA",BC,,,,
Coffin Feeder,Big Trouble,April 25,LP,Deathcore,Harsh,"Brussel, Belgium",BC,,,,
Deserted Fear,Veins of Fire,April 25,LP,Melodic Death metal,Harsh,"Eisenberg, Germany",BC,,,,
Inhuman Nature,Greater Than Death,April 25,LP,"Thrash metal, Heavy metal, Crossover",Harsh,"London, UK",BC,,,,
Sacred Steel,Ritual Supremacy,April 25,LP,"Power metal, Heavy metal",Clean,"Ludwigsburg, Germany",,,,,
Hallowed Hands,Rot Economy,April 25,LP,"Prog-metal, Death metal, Post-metal, Chiptune",Mixed,"Madison, WI",BC,,,,
Pagan Altar,Never Quite Dead,April 25,LP,"Traditional Doom metal, Heavy metal",Clean,"London, UK",BC,,,,
Venator,Psychodrome,April 25,LP,Heavy metal,Clean,"Linz, Austria",BC,,,,
BARK,The Time has Come,April 25,LP,"Groove metal, Death metal",Harsh,"Antwerp, Belgium",BC,,,,
Hyena,About Rock and Roll,April 25,LP,Heavy metal,Clean,"Cajamarca, Peru",BC,,,,
Trick or Treat,Ghosted,April 25,LP,Power metal,Clean,Italy,BC,,,,
Sijjin,Helljjin Combat,April 25,LP,"Death metal, Thrash metal",Harsh,"Berlin, Germany",BC,,,,
Aeonyzhar,The Profane Era,April 25,LP,"Symphonic Death metal, Black metal",Harsh,"Hanover, Germany",BC,,,,
Game Over,Face The End,April 25,LP,"Heavy metal, Thrash metal",Clean,"Ferrara, Italy",BC,,,,
Blister Brigade,A Rioting New Breed,April 25,LP,Heavy metal,Clean,"Skellefteå, Sweden",BC,,,,
Martoriator,Bloodpainted Visions of Perpetual Conflict,April 25,LP,"Death metal, Black metal",Harsh,Italy,BC,,,,
Disfuneral,"In Horror, Reborn",April 25,LP,Death metal,Harsh,"Nancy, France",BC,,,,
Cadaver,Hymns of Misanthropy,April 25,LP,Death metal,Harsh,"Oslo, Norway",BC,,,,
Elan,Elan Vs elan,April 25,LP,Sludge metal,Mixed,"Norwich, UK",BC,,,,
Kanonenfieber,Live in Oberhausen,April 25,LP,"Melodic Black metal, Death metal",Harsh,"Bamberg, Germany",BC,,,,
Dispyt,Från Melankoli till Meningslöshet,April 29,LP,"Black metal, Crust Punk",Harsh,"Jakobstad, Finland",BC,,,,
Demonic Death Judge,Absolutely Launched,April 30,LP,"Sludge metal, Stoner metal",Harsh,"Kymenlaakso, Finland",BC,,,,
Soulreapers,Melody of Chaos,April 30,LP,Melodic Death metal,Mixed,Italy,BC,,,,
Argon,Vigor Sorority Decay,April 30,LP,"Post-Hardcore, Screamo",Mixed,Luxembourg,BC,,,,
Hemlokk & Hyrde,Feohland,May 1,LP,"Black metal, Neofolk",Mixed,UK,BC,,,,
Acres,The Host,May 2,EP,"Metalcore, Post-Hardcore",Mixed,"Portsmouth, UK",,,,,
Pyramids,Pythagoras,May 2,LP,"Blackgaze, Post-Punk, Shoegaze",Mixed,"Denton, TX",BC,,,,
HERTA,Crossing The Illusion,May 2,LP,"Prog-metal, Death metal, Groove metal",Mixed,"Athens, Greece",BC,,,,
Your Spirit Dies ,My Gnawing Pains Will Never Rest,May 2,LP,Metalcore,Harsh,"Columbia, SC",BC,,,,
Nightfall,Children of Eve,May 2,LP,Melodic Death metal,Mixed,"Athens, Greece",BC,,,,
Under Ruins,Age Of The Void,May 2,LP,"Epic Doom metal, Heavy metal",Clean,Germany,,,,,
Alukta,Merok,May 2,LP,"Black metal, Doom metal",Mixed,France / Belgium,BC,,,,
Catalyst Symphony,The Light Inside,May 2,EP,"Prog-metal, Symphonic metal",Clean,"Glasgow, Scotland",BC,,,,
Acceptance,Crucifixion of Orchids,May 2,LP,"Atmospheric Black metal, Post-metal",Harsh,"Leeds, UK",BC,,,,
Namebearer,Industries of the Fading Sun,May 2,EP,Black metal,Harsh,"Maine, ME",BC,,,,
Amalekim,Shir Hashirim,May 2,LP,Melodic Black metal,Harsh,International,BC,,,,
Misfire,Product of the Environment,May 2,LP,Thrash metal,Harsh,"Chicago, IL",BC,,,,
XIAO,Control,May 2,LP,"Powerviolence, Hardcore Punk",Harsh,"Stockholm, Sweden",BC,,,,
King Parrot,A Young Person's Guide To,May 6,LP,"Grindcore, Thrash metal",Harsh,"Melbourne, Australia",BC,,,,
Slumbering Sun,Starmony,May 9,LP,Doom metal,Clean,"Austin, TX",BC,,,,
Ominous Ruin,Requiem,May 9,LP,Technical Death metal,Harsh,"San Francisco, CA",BC,,,,
Haken,Liveforms: An Evening With Haken (Live in London 2024),May 9,LP,Prog-metal,Clean,"London, UK",BC,,,,
Ghost Bath,Rose Thorn Necklace,May 9,LP,"Blackgaze, DSBM",Harsh,US,BC,,,,
Tetrarch,The Ugly Side of Me,May 9,LP,"Alt-metal, Metalcore, Nu metal",Mixed,"Los Angeles, CA",BC,,,,
You Win Again Gravity,Don't Leave Me Here Pt. 1,May 9,EP,Progressive Post-Hardcore,Mixed,"Windsor, UK",,,,,
Lloth,Archees Legeones (Ancient Legions),May 9,LP,Melodic Black metal,Mixed,Greece,BC,,,,
Skaphos,Cult of Uzura,May 9,LP,"Black metal, Death metal",Harsh,"Lyon, France",BC,,,,
Exilium Noctis ,Pactum Diaboli,May 9,LP,Melodic Black metal,Harsh,Greece,BC,,,,
An Tóramh,Echoes of Eternal Night,May 9,LP,Death Doom metal,Mixed,"Minneapolis, MN",BC,,,,
Lacabra,Lacabra,May 9,LP,Melodic Death metal,Mixed,"Seattle, WA",BC,,,,
Meatwound,Macho,May 9,LP,Sludge metal,Harsh,"Tampa, FL",BC,,,,
Devine Defilement,Ruthless,May 9,LP,Deathcore,Harsh,"Reykjavík, Iceland",BC,,,,
Elusive God,Ambis,May 9,LP,Epic Doom metal,Clean,Croatia,BC,,,,
Pridian,Venetian Dark,May 16,LP,"Prog-metal, Metalcore, Industrial metal",Mixed,Estonia,BC,,,,
The Callous Daoboys,I Don’t Want to See You in Heaven,May 16,LP,"Mathcore, Metalcore",Mixed,"Atlanta, GA",BC,,,,
Pelican,Flickering Resonance,May 16,LP,Post-metal,Instrumental,"Chicago, IL",BC,,,,
Mares Of Thrace,The Loss,May 16,LP,"Sludge metal, Post-metal",Mixed,"Calgary, Canada",BC,,,,
Bury Tomorrow,"Will You Haunt Me, With That Same Patience",May 16,LP,"Metalcore, Post-Hardcore",Mixed,"Glasgow, Scotland",,,,,
Joviac,Autofiction Pt. 1: Shards,May 16,LP,Prog-metal,Clean,"Tampere, Finland",BC,,,,
Novelists,Coda,May 16,LP,"Metalcore, Alt-metal",Mixed,"Paris, France",,,,,
Wounded Touch,A Vivid Depiction of Collapse,May 16,LP,Metalcore,Mixed,"Michigan, MI",,,,,
Antropomorphia,Devoid of Light,May 16,LP,Death metal,Harsh,Netherlands,BC,,,,
Dead Chasm,Spectral Tyranny,May 16,LP,Death Doom metal,Harsh,Italy,BC,,,,
Sleep Theory,Afterglow,May 16,LP,Alternative Metal,Mixed,"Los Angeles, CA",,,,,
Larcenia Roe,Extraction,May 16,LP,Deathcore,Harsh,"Raleigh, NC",BC,,,,
Root Zero,Dark Rainbow,May 16,LP,Prog-metal,Clean,"Cardiff, Wales",BC,,,,
Sudden Death,In Sinner Hate,May 19,LP,Technical Death metal,Harsh,"Rome, Italy",BC,,,,
Thus Spoke Zarathustra,"I’m Done With Self Care, It’s Time For Others' Harm",May 23,LP,Deathcore,Harsh,"Elkton, MD",BC,,,,
House of Protection,Outrun You All,May 23,EP,"Post-Hardcore, Alt-metal",Mixed,"Los Angeles, CA",,,,,
Senna,Stranger To Love,May 23,LP,"Post-Hardcore, Metalcore",Mixed,Germany,,,,,
...And Oceans,The Regeneration Itinerary,May 23,LP,"Avant-Garde metal, Symphonic Black metal",Harsh,"Jakobstad, Finland",BC,,,,
Entheomorphosis,Pyhä Kuilu,May 23,LP,"Avant-Garde metal, Post-metal, Heavy Psych",Mixed,Finland,BC,,,,
Brutal Sphincter,Sphinct-Earth Society,May 23,LP,"Death metal, Grindcore",Harsh,"Liège, Belgium",BC,,,,
Ceresian Valot,Uumen,May 23,LP,"Post-metal, Doom metal",Clean,Finland,BC,,,,
Spiralist,Violent Feathers,May 23,LP,"Mathcore, Industrial Noise, Alt-metal",Mixed,"Porto, Portugal",BC,,,,
FLY!,...or Die!,May 23,LP,"Heavy metal, Speed metal, Hard rock",Clean,"Melbourne, Australia",BC,,,,
Hellcrash,Inferno Crematörio,May 23,LP,"Black metal, Speed metal, Thrash metal",Harsh,Italy,BC,,,,
Animalize,Verminateur,May 23,LP,"Heavy metal, Speed metal",Clean,France,BC,,,,
Eschaton,Techtalitarian,May 30,LP,Technical Death metal,Harsh,US,BC,,,,
Vildhjarta,där skogen sjunger under evighetens grana,May 30,LP,"Prog-metal, Djent",Mixed,"Hudiksvall, Sweden",BC,,,,
Rivers of Nihil,Rivers of Nihil,May 30,LP,"Prog-metal, Technical Death metal",Mixed,"Reading, PA",BC,,,,
Wolves At The Gate,Wasteland,May 30,LP,"Metalcore, Post-Hardcore",Mixed,"Ohio, US",,,,,
Coltsblood,Obscured Into Nebulous Dusk,May 30,LP,"Death Doom metal, Sludge metal",Harsh,UK,BC,,,,
Low Before The Breeze,A Hole Beneath the Home We Shared,May 30,LP,"Black metal, Screamo, Grindcore",Harsh,"Atlanta, GA",,,,,
Graceless,Icons of Ruins,May 30,LP,Death metal,Harsh,Netherlands,BC,,,,
Death Rattle,The Moral Chokehold,May 30,LP,"Groove metal, Death metal",Mixed,US,BC,,,,
Gridiron,Poetry From Pain,May 30,LP,"Hardcore Rap, Rap metal",Clean,"Boyertown, PA",BC,,,,
Cwfen,Sorrows,May 30,LP,Doom metal,Clean,"Glasgow, Scotland",BC,,,,
Phase Transition,In Search of Being,June 6,LP,Prog-metal,Clean,"Porto, Portugal",,,,,
Austere,The Stillness of Dissolution,June 6,LP,Atmospheric Black Metal,Harsh,,,,,,
Fallujah,Xenotaph,June 13,LP,"Technical Death Metal, Deathcore",Mixed,"San Francisco, CA",BC,,,,
Altesia,The Somnambulist,June 13,LP,Prog-metal,Clean,"Bordeaux, France",,,,,
Psychonaut,World Maker,October 24,LP,"Prog-metal, Post-metal",Mixed,"Mechelen, Belgium",,,,,
,,,,,,,,,,,
,,,,,,,,,,,
,,,,,,,,,,,
,,,,,,,,,,,
,,,,,,,,,,,
,,,,,,,,,,,
,,,,,,,,,,,
,,,,,,,,,,,
,,,,,,,,,,,
,,,,,,,,,,,
,,,,,,,,,,,
,,,,,,,,,,,
,,,,,,,,,,,
,,,,,,,,,,,
,,,,,,,,,,,
,,,,,,,,,,,
,,,,,,,,,,,
,,,,,,,,,,,
,,,,,,,,,,,
,,,,,,,,,,,
,,,,,,,,,,,
,,,,,,,,,,,
,,,,,,,,,,,
,,,,,,,,,,,
,,,,,,,,,,,
,,,,,,,,,,,
,,,,,,,,,,,
,,,,,,,,,,,
,,,,,,,,,,,
,,,,,,,,,,,
,,,,,,,,,,,
,,,,,,,,,,,
,,,,,,,,,,,
,,,,,,,,,,,
,,,,,,,,,,,
,,,,,,,,,,,
,,,,,,,,,,,
,,,,,,,,,,,
,,,,,,,,,,,
,,,,,,,,,,,
,,,,,,,,,,,
,,,,,,,,,,,
,,,,,,,,,,,
,,,,,,,,,,,
,,,,,,,,,,,
,,,,,,,,,,,
,,,,,,,,,,,
,,,,,,,,,,,
,,,,,,,,,,,
,,,,,,,,,,,
,,,,,,,,,,,
,,,,,,,,,,,
,,,,,,,,,,,
Unannounced Projects,,,,,,,,,,,
Sadhaka,,TBA,LP,Atmospheric Black metal,,,,,,,
Returning,Numinous,TBA,LP,Atmospheric Black metal,,,,,,,
VoidCeremony,,TBA,LP,Technical Death metal,,,,,,,
Dream Unending,,TBA,LP,Death Doom metal,,,,,,,
Floating,Hesitating Lights,TBA,LP,"Prog-metal, Death metal, Post-Punk",,,,,,,
The Silver,,TBA,LP,Prog-metal,,,,,,,
Epitaphe,,TBA,LP,"Prog-metal, Death Doom metal",,,,,,,
Weeping Sores,,TBA,LP,"Prog-metal, Death Doom metal",,,,,,,
Dawn Fades,,TBA,LP,Post-metal,,,,,,,
Cosmic Sea,,TBA,LP,"Prog-metal, Death metal",,,,,,,
Angerer,The Nine Sources,TBA,LP,Prog-metal,,,,,,,
Vafurlogi,,TBA,LP,Black metal,,,,,,,
Fleshvessel,Obstinacy: Sisyphean Dreams Unfolded,TBA,LP,"Prog-metal, Avant-Garde metal, Death metal",,,,,,,