pa_album_id,raw_track_number,raw_track_title,raw_track_duration,is_subtrack,parent_track_number,is_bonus_track
008c,1,Freefall,,,,
008c,2,Supertwister,,,,
008c,3,Nimrodel / The Procession / The White Rider,,,,
008c,4,Earthrise,,,,
008c,5,Lady Fantasy,,,,
008c,a,Encounter,,,,
008c,b,Smiles for You,,,,
008c,c,Lady Fantasy,,,,
008c,6,Supertwister (live) (3:14) *,,,,
008c,7,Mystic Queen (live) (6:09) *,,,,
008c,8,Arubaluba (live) (7:44) *,,,,
008c,9,Lady Fantasy (original Basing Street Studios mix 1973),,,,
023e,1,Tom Sawyer,,,,
023e,2,Red Barchetta,,,,
023e,3,YYZ,,,,
023e,4,Limelight,,,,
023e,5,The Camera Eye,,,,
023e,6,Witch Hunt (Part III of Fear),,,,
023e,7,Vital Signs,,,,
047c,1,Golf Girl,,,,
047c,2,Winter Wine,,,,
047c,3,Love to Love You (and Tonight Pigs Will Fly),,,,
047c,4,In the Land of Grey and Pink,,,,
047c,5,Nine Feet Underground,,,,
047c,Nigel,Blows a Tune,,,,
047c,Love,'s a Friend,,,,
047c,Make,It 76,,,,
047c,Dance,of the Seven Paper Hankies,,,,
047c,Hold,Grandad by the Nose,,,,
047c,Honest,I Did!,,,,
047c,Disassociatio,n,,,,
047c,100,% Proof,,,,
047c,6,I Don't Know Its Name (6:12) *,,,,
047c,7,Aristocracy (3:42) *,,,,
047c,8,It's Likely to Have a Name Next Week (7:48) $ *,,,,
047c,9,Group Girl (5:04) # *,,,,
047c,10,Disassociation / 100% Proof (new mix),,,,
047c,11,"$ Instrumental version of ""Winter Wine""",,,,
047c,12,"# First version of ""Golf Girl"" with different lyrics",,,,
047c,13,* Previously unreleased,,,,
09c6,1,Vert,,,,
09c6,2,Dixie,,,,
09c6,3,Depuis l'automne,,,,
09c6,4,En pleine face,,,,
09c6,5,Histoires sans paroles,,,,
09c6,L,'isolement,,,,
09c6,L,'appel,,,,
09c6,La,rencontre,,,,
09c6,L,'union,,,,
09c6,Le,grand bal,,,,
0b30,1,Watcher of the Skies,,,,
0b30,2,Time Table,,,,
0b30,3,Get 'em Out by Friday,,,,
0b30,4,Can-Utility and the Coastliners,,,,
0b30,5,Horizons,,,,
0b30,6,Supper's Ready,,,,
0b30,a,Lover's Leap,,,,
0b30,b,The Guaranteed Eternal Sanctuary Man,,,,
0b30,c,Ikhnaton and Itsacon and Their Band of Merry Men,,,,
0b30,d,How Dare I Be So Beautiful?,,,,
0b30,e,Willow Farm,,,,
0b30,f,Apocalypse in 9/8 (featuring the delicious talents of Gabble Ratchet),,,,
0b30,g,As Sure as Eggs Is Eggs (Aching Men's Feet),,,,
0b30,7,2 disc Charisma 2007 release,,,,
0b30,8,SACD hybrid - New Stereo remix/remaster,,,,
0b30,9,"DVD (Pal, Multichannel)",,,,
0b30,Integral,DTS Surround Sound (24/96) remix,,,,
0b30,Integral,Dolby Digital Surround Sound (24/48) remix,,,,
0b30,Video,Extras,,,,
0b30,10,Reissues Interview 2007,,,,
0b30,11,"Brussels, Belgium 1972 - Rock Of The 70's",,,,
0b30,12,"Rome, Italy 1972 - Piper Club",,,,
0d91,1,After,,,,
0d91,2,Volte-Face,,,,
0d91,3,Conceiving You,,,,
0d91,4,Second Life Syndrome,,,,
0d91,a,Part One - From Hand to Mouth,,,,
0d91,b,Part Two - Secret Exhibition,,,,
0d91,c,Part Three - Vicious Ritual (instrumental),,,,
0d91,5,Artificial Smile,,,,
0d91,6,I Turned You Down,,,,
0d91,7,Reality Dream III,,,,
0d91,8,Dance with the Shadow,,,,
0d91,9,Before,,,,
10f5,1,Zarathustra,,,,
10f5,a,L'Ultimo Uomo,,,,
10f5,b,Il Re Di Ieri,,,,
10f5,c,Al Di La Del Bene E Del Male,,,,
10f5,d,Superuomo,,,,
10f5,e,Il Tempio Delle Clessidre,,,,
10f5,2,Degli Uomini,,,,
10f5,3,Della Natura,,,,
10f5,4,Dell'Eterno Ritorno,,,,
13c3,1,Appena un Po',,,,
13c3,2,Generale,,,,
13c3,3,Per un Amico,,,,
13c3,4,Il Banchetto,,,,
13c3,5,Geranio,,,,
1472,1,So What,,,,
1472,2,Freddie Freeloader,,,,
1472,3,Blue in Green,,,,
1472,4,All Blues,,,,
1472,5,Flamenco Sketches,,,,
1472,6,Flamenco Sketches (alternate take),,,,
14f0,1,In Volo,,,,
14f0,2,R.I.P. (Requiescant In Pace),,,,
14f0,3,Passaggio,,,,
14f0,4,Metamorfosi,,,,
14f0,5,Il Giardino Del Mago,,,,
14f0,a,) ... Passo Dopo Passo ...,,,,
14f0,b,) ... Chi Ride E Chi Geme ...,,,,
14f0,c,) ... Coi Capelli Sciolti Al Vento ...,,,,
14f0,d,) Compenetrazione,,,,
14f0,6,Traccia,,,,
16cc,1,Luminol,,,,
16cc,2,Drive Home,,,,
16cc,3,The Holy Drinker,,,,
16cc,4,The Pin Drop,,,,
16cc,5,The Watchmaker,,,,
16cc,6,The Raven That Refused to Sing,,,,
16cc,7,Deluxe edition bonus CD,,,,
16cc,1,Luminol (demo),,,,
16cc,2,Drive Home (demo),,,,
16cc,3,The Holy Drinker (demo),,,,
16cc,4,Clock Song (unused idea),,,,
16cc,5,The Pin Drop (demo),,,,
16cc,6,The Watchmaker (demo),,,,
16cc,7,The Raven That Refused to Sing (demo),,,,
1cdb,1,"Pigs on the Wing, Part 1",,,,
1cdb,2,Dogs,,,,
1cdb,3,Pigs (Three Different Ones),,,,
1cdb,4,Sheep,,,,
1cdb,5,"Pigs on the Wing, Part 2",,,,
1dbc,1,Meeting Of The Spirits,,,,
1dbc,2,Dawn,,,,
1dbc,3,Noonward Race,,,,
1dbc,4,A Lotus On Irish Streams,,,,
1dbc,5,Vital Transformation,,,,
1dbc,6,The Dance Of Maya,,,,
1dbc,7,"You Know, You Know",,,,
1dbc,8,Awakening,,,,
1dbc,9,Noonward Race (Live) 	(15:03) *,,,,
1dbc,10,"* Mar Y Sol Pop Festival, Puerto Rico, 3 April 1972 (previously unreleased in this 2' longer version)",,,,
202c,1,Ghost of Perdition,,,,
202c,2,The Baying of the Hounds,,,,
202c,3,Beneath the Mire,,,,
202c,4,Atonement,,,,
202c,5,Reverie / Harlequin Forest,,,,
202c,6,Hours of Wealth,,,,
202c,7,The Grand Conjuration,,,,
202c,8,Isolation Years,,,,
202c,9,Soldier of Fortune (Deep Purple cover 2006 live take),,,,
202c,1,Beyond Ghost Reveries: A Documentary by Fredrik Odefj�rd,,,,
202c,2,2-9. Surround 5.1 mix of full album,,,,
202c,10,"""The Grand Conjuration"" video - Director's Cut by Bill Yukich",,,,
202d,1,The Wall Street Shuffle,,,,
202d,2,The Worst Band in the World,,,,
202d,3,Hotel,,,,
202d,4,Old Wild Men,,,,
202d,5,Clockwork Creep,,,,
202d,6,Silly Love,,,,
202d,7,Somewhere in Hollywood,,,,
202d,8,Baron Samedi,,,,
202d,9,The Sacro-Iliac,,,,
202d,10,Oh Effendi,,,,
202d,11,Waterfall,,,,
202d,11,Carat Man of Means,,,,
202d,12,Gismo My Way,,,,
2567,1,Hortz Fur D�hn Stek�hn Ẁest,,,,
2567,2,�ma S�r� Donda�,,,,
2567,3,Koba�a Is De H�nd�n,,,,
2567,4,Da Zeuhl Ẁortz M�kan�k,,,,
2567,5,Neb�hr Gudahtt,,,,
2567,6,M�kan�k K�mmand�h,,,,
2567,7,Kre�hn K�hrmahn Iss De H�nd�n,,,,
2567,8,M.D.K. (alternative version),,,,
2aa8,1,Trip to the Fair,,,,
2aa8,2,The Vultures Fly High,,,,
2aa8,3,Ocean Gypsy,,,,
2aa8,4,Song of Scheherazade,,,,
2aa8,a,) Fanfare,,,,
2aa8,b,) The Betrayal,,,,
2aa8,c,) The Sultan,,,,
2aa8,d,) Love Theme,,,,
2aa8,e,) The Young Prince and Princess as Told by Scheherazade,,,,
2aa8,f,) Festival Preparations,,,,
2aa8,g,) Fugue for the Sultan,,,,
2aa8,h,) The Festival,,,,
2aa8,i,) Finale,,,,
2aa8,5,Bonus DVD-Video from 2010 Friday Music remaster,,,,
2aa8,Filmed,at Mill House and Bray Studios 1979 -,,,,
2aa8,1,Jekyll and Hyde,,,,
2aa8,2,Forever Changing,,,,
2aa8,3,The Winter Tree,,,,
2aa8,4,Carpet of the Sun (acoustic),,,,
2aa8,5,Secret Mission,,,,
2bc9,1,The Stubbs Effect,,,,
2bc9,2,Big Jobs (Poo Poo Extract),,,,
2bc9,3,Going Up to People and Tinkling,,,,
2bc9,4,Calyx,,,,
2bc9,5,"Son of ""There's No Place Like Homerton""",,,,
2bc9,6,Aigrette,,,,
2bc9,7,Rifferama,,,,
2bc9,8,Fol De Rol,,,,
2bc9,9,Shaving Is Boring,,,,
2bc9,10,Licks for the Ladies,,,,
2bc9,11,Bossa Nochance,,,,
2bc9,12,Big Jobs No 2 (by Poo and the Wee Wees),,,,
2bc9,13,Lobster in Cleavage Probe,,,,
2bc9,14,Gigantic Land-Crabs in Earth Takeover Bid,,,,
2bc9,15,The Other Stubbs Effect,,,,
2bc9,16,Let's Eat (Real Soon) (single),,,,
2bc9,17,Fitter Stoke Has a Bath (single),,,,
2bc9,18,Extra bonus track on 2009 Esoteric remaster,,,,
2bc9,18,Your Majesty Is Like a Cream Donut Incorporating Oh What a Lonely Lifetime,,,,
2e74,1,The First Rebreather,,,,
2e74,2,Uncle Jack,,,,
2e74,3,Winchester from St Giles' Hill,,,,
2e74,4,Judas Unrepentant,,,,
2e74,5,Summoned by Bells,,,,
2e74,6,Upton Heath,,,,
2e74,7,A Boy in Darkness,,,,
2e74,8,Hedgerow,,,,
2e74,9,Kingmaker,,,,
2e74,10,Victorian Brickwork,,,,
2e74,9,Seen Better Days (The Brass Band's Final Piece),,,,
2e74,10,"East Coast Racer (live at King's Place, London August 2015)",,,,
2ed1,1,For Calvin (and His Next Two Hitch-Hikers),,,,
2ed1,2,The Grand Wazoo,,,,
2ed1,3,Cletus Awreetus-Awrightus,,,,
2ed1,4,Eat That Question,,,,
2ed1,5,Blessed Relief,,,,
337a,1,Inca Roads (live *),,,,
337a,2,Can't Afford No Shoes,,,,
337a,3,Sofa No. 1,,,,
337a,4,Po-Jama People,,,,
337a,5,Florentine Pogen (live *),,,,
337a,6,"Evelyn, a Modified Dog",,,,
337a,7,San Ber'dino,,,,
337a,8,Andy,,,,
337a,9,Sofa No. 2,,,,
34a3,1,Glissements progressifs du plaisir (extraits),,,,
34a3,Ubik,1 / Ubik 2 / Ubik 3 / Allez � Des Moines / Drama / Ralentando / Ubik 7,,,,
34a3,2,Nuits,,,,
34a3,3,H�xan Phi,,,,
34a3,4,H�xan Xi,,,,
34a3,5,H�xan Psi,,,,
34a3,6,�preuves d'acier,,,,
34a3,7,Marche,,,,
355c,1,Clonus,,,,
355c,2,Her Animal,,,,
355c,3,Dog Boots,,,,
355c,4,Bitch,,,,
355c,5,King Of The Universe,,,,
355c,6,Inside Black,,,,
355c,7,Europa,,,,
355c,8,Warfinger,,,,
355c,9,Chocalate,,,,
355c,10,Pods Of Trance,,,,
355c,11,2116,,,,
358a,1,Act 1,,,,
358a,1,Scene One: Regression,,,,
358a,2,Scene Two: i. Overture 1928,,,,
358a,3,Scene Two: ii. Strange Deja Vu,,,,
358a,4,Scene Three: i. Through My Words,,,,
358a,5,Scene Three: ii. Fatal Tragedy,,,,
358a,6,Scene Four: Beyond This Life,,,,
358a,7,Scene Five: Through Her Eyes,,,,
358a,8,Act 2,,,,
358a,8,Scene Six: Home,,,,
358a,9,Scene Seven: i. The Dance of Eternity,,,,
358a,10,Scene Seven: ii. One Last Time,,,,
358a,11,Scene Eight: The Spirit Carries On,,,,
358a,12,Scene Nine: Finally Free,,,,
383d,1,Pilgrims,,,,
383d,2,Still Life,,,,
383d,3,La Rossa,,,,
383d,4,My Room (Waiting for Wonderland),,,,
383d,5,Childlike Faith in Childhood's End,,,,
383d,6,Gog (live) (12:23) *,,,,
383d,7,* Previously unreleased,,,,
38a3,1,Demring,,,,
38a3,2,Jakten P� Det Kalydonske Villsvin,,,,
38a3,3,Gamle Mester,,,,
38a3,4,Medusas Fl�te,,,,
38a3,5,De Tre Gratier,,,,
38a3,6,Skumring,,,,
38b1,1,Carry On Wayward Son,,,,
38b1,2,The Wall,,,,
38b1,3,What's on My Mind,,,,
38b1,4,Miracles Out of Nowhere,,,,
38b1,5,Opus Insert,,,,
38b1,6,Questions of My Childhood,,,,
38b1,7,Cheyenne Anthem,,,,
38b1,8,Magnum Opus,,,,
38b1,a,Father Padilla Meets the Perfect Gnat,,,,
38b1,b,Howling at the Moon,,,,
38b1,c,Man Overboard,,,,
38b1,d,Industry on Parade,,,,
38b1,e,Release the Beavers,,,,
38b1,f,Gnat Attack,,,,
38b1,9,Carry on Wayward Son (live *),,,,
38b1,10,Cheyenne Anthem (live $),,,,
3de3,1,Sea Song,,,,
3de3,2,A Last Straw,,,,
3de3,3,Little Red Riding Hood Hit the Road,,,,
3de3,4,Alifib,,,,
3de3,5,Alife,,,,
3de3,6,Little Red Robin Hood Hit the Road,,,,
416f,1,The Moor,,,,
416f,2,Godhead's Lament,,,,
416f,3,Benighted,,,,
416f,4,Moonlapse Vertigo,,,,
416f,5,Face of Melinda,,,,
416f,6,Serenity Painted Death,,,,
416f,7,White Cluster,,,,
416f,8,Bonus DVD-Video from 2008 Peaceville remaster,,,,
416f,9,DVD 1-DVD 7 Full album in 5.1 Surround mix,,,,
416f,10,DVD 8. Bonus Video Track: Face of Melinda (Live 2006 London),,,,
41c1,1,First Regret,,,,
41c1,2,3 Years Older,,,,
41c1,3,Hand Cannot Erase,,,,
41c1,4,Perfect Life,,,,
41c1,5,Routine,,,,
41c1,6,Home Invasion,,,,
41c1,7,Regret #9,,,,
41c1,8,Transience,,,,
41c1,9,Ancestral,,,,
41c1,10,Happy Returns,,,,
41c1,11,Ascendant Here on...,,,,
4295,1,The Leper Affinity,,,,
4295,2,Bleak,,,,
4295,3,Harvest,,,,
4295,4,The Drapery Falls,,,,
4295,5,Dirge for November,,,,
4295,6,The Funeral Portrait,,,,
4295,7,Patterns in the Ivy,,,,
4295,8,Blackwater Park,,,,
4295,9,Bonus disc from 2002 Koch edition,,,,
4295,1,Still Day Beneath the Sun,,,,
4295,2,Patterns in the Ivy 2,,,,
4295,3,Harvest (multimedia track - video clip),,,,
45e3,1,The Barbarian,,,,
45e3,2,Take a Pebble,,,,
45e3,3,Knife-Edge,,,,
45e3,4,The Three Fates,,,,
45e3,a,Clotho (Royal Festival Hall organ),,,,
45e3,b,Lachesis (piano solo),,,,
45e3,c,Atropos (piano trio),,,,
45e3,5,Tank,,,,
45e3,6,Lucky Man,,,,
45e3,2012,Stereo Mix -,,,,
45e3,1,The Barbarian,,,,
45e3,2,Take a Pebble,,,,
45e3,3,Knife-Edge (with extended outro),,,,
45e3,4,Promenade,,,,
45e3,5,The Three Fates: Atropos (piano trio),,,,
45e3,6,Rave Up,,,,
45e3,7,Drum Solo,,,,
45e3,8,Lucky Man,,,,
45e3,9,Take a Pebble (alternate version),,,,
45e3,10,Knife-Edge (alternate version),,,,
45e3,11,Lucky Man (first Greg Lake solo version),,,,
45e3,12,Lucky Man (alternate version),,,,
45e3,2012,5.1 Mix -,,,,
45e3,1,The Barbarian,,,,
45e3,2,Take a Pebble,,,,
45e3,3,Knife-Edge,,,,
45e3,4,The Three Fates: Atropos (piano trio),,,,
45e3,5,Rave Up,,,,
45e3,6,Lucky Man,,,,
45e3,7,7-18. High-Res stereo version of full Bonus CD,,,,
46a9,1,Side 1 - Aqualung,,,,
46a9,1,Aqualung,,,,
46a9,2,Cross-Eyed Mary,,,,
46a9,3,Cheap Day Return,,,,
46a9,4,Mother Goose,,,,
46a9,5,Wond'ring Aloud,,,,
46a9,6,Up to Me,,,,
46a9,7,Side 2 - My God,,,,
46a9,7,My God,,,,
46a9,8,Hymn 43,,,,
46a9,9,Slipstream,,,,
46a9,10,Locomotive Breath,,,,
46a9,11,Wind-Up,,,,
46a9,12,Lick Your Fingers Clean,,,,
46a9,13,Wind Up (Quad version),,,,
46a9,14,Excerpts from the Ian Anderson Interview (13:58) �,,,,
46a9,15,Songs for Jeffrey (2:51) *,,,,
46a9,16,Fat Man (2:56) *,,,,
46a9,17,Bouree (3:57) *,,,,
46a9,18,"� Mojo magazine February 22 1996, interviewer John Bungey",,,,
46a9,19,"* BBC recordings broadcasted 1968-69, previously unreleased",,,,
4710,1,A Farewell to Kings,,,,
4710,2,Xanadu,,,,
4710,3,Closer to the Heart,,,,
4710,4,Cinderella Man,,,,
4710,5,Madrigal,,,,
4710,6,Cygnus X-1,,,,
48c2,1,Can You Understand,,,,
48c2,2,Let It Grow,,,,
48c2,3,On The Frontier,,,,
48c2,4,Carpet Of The Sun,,,,
48c2,5,At The Harbour,,,,
48c2,6,Ashes Are Burning,,,,
4963,1,The Lamb Lies Down on Broadway,,,,
4963,2,Fly on a Windshield,,,,
4963,3,Broadway Melody of 1974,,,,
4963,4,Cuckoo Cocoon,,,,
4963,5,In the Cage,,,,
4963,6,The Grand Parade of Lifeless Packaging,,,,
4963,7,Back in N.Y.C.,,,,
4963,8,Hairless Heart,,,,
4963,9,Counting Out Time,,,,
4963,10,The Carpet Crawlers,,,,
4963,11,The Chamber of 32 Doors,,,,
4963,1,Lillywhite Lilith,,,,
4963,2,The Waiting Room,,,,
4963,3,Anyway,,,,
4963,4,The Supernatural Anaesthetist,,,,
4963,5,The Lamia,,,,
4963,6,Silent Sorrow in Empty Boats,,,,
4963,7,The Colony of Slippermen,,,,
4963,i,The Arrival,,,,
4963,ii,A Visit to the Doktor,,,,
4963,iii,Raven,,,,
4963,8,Ravine,,,,
4963,9,The Light Dies Down on Broadway,,,,
4963,10,Riding the Scree,,,,
4963,11,In the Rapids,,,,
4963,12,it,,,,
4967,1,Space Shanty (including The Cobalt Sequence and March of the Sine Squadrons),,,,
4967,2,Stranded (including Effervescent Psycho Novelty No. 5),,,,
4967,3,Mixed Up Man of the Mountains,,,,
4967,4,Driving to Amsterdam,,,,
4967,5,Stargazers,,,,
4967,6,Hollow Stone (including Escape of the Space Pirates),,,,
4967,7,Break the Chains (3:31) *,,,,
4967,8,Mixed Up Man of the Mountains (first version) (4:28) *,,,,
4967,9,* Previously unreleased,,,,
4b81,1,K.A I,,,,
4b81,2,K.A II,,,,
4b81,3,K.A III,,,,
4c30,1,"Luglio, Agosto, Settembre (Nero)",,,,
4c30,2,Arbeit Macht Frei,,,,
4c30,3,Consapevolezza,,,,
4c30,4,Le Labbra Del Tempo,,,,
4c30,5,240 Chilometri Da Smirne,,,,
4c30,6,L'Abbattimento Dello Zeppelin,,,,
4eb4,1,"If I Could Do It All Over Again, I'd Do It All Over You",,,,
4eb4,2,And I Wish I Were Stoned - Don't Worry,,,,
4eb4,3,As I Feel I Die,,,,
4eb4,4,With an Ear to the Ground You Can Make It / Martinian / Only Cox / Reprise,,,,
4eb4,5,Hello Hello,,,,
4eb4,6,Asforteri 25,,,,
4eb4,7,Can't Be Long Now / Fran�oise / For Richard / Warlock,,,,
4eb4,8,Limits,,,,
4eb4,9,A Day in the Life of Maurice Haylett (outtake),,,,
4eb4,10,Why? (And I Wish I Were Stoned) (4:22) *,,,,
4eb4,11,Clipping the 8th (Hello Hello) (3:13) *,,,,
4eb4,12,As I Feel I Die (4:39) *,,,,
4eb4,13,"* Demo versions from abandoned 1969 sessions, previously unreleased",,,,
4ff5,1,All Traps On Earth,,,,
4ff5,2,Magmatic Warning,,,,
4ff5,3,Omen,,,,
4ff5,4,First Step,,,,
4ff5,5,Bortgl�mda G�rdar,,,,
503e,1,Pseudo Silk Kimono,,,,
503e,2,Kayleigh,,,,
503e,3,Lavender,,,,
503e,4,Bitter Suite,,,,
503e,i,Brief Encounter,,,,
503e,ii,Lost Weekend,,,,
503e,iii,Blue Angel,,,,
503e,iv,Misplaced Rendez-Vous,,,,
503e,v,Windswept Thumb,,,,
503e,5,Heart of Lothian,,,,
503e,i,Wide Boy,,,,
503e,ii,Curtain Call,,,,
503e,6,Waterhole (Expresso Bongo),,,,
503e,7,Lords of the Backstage,,,,
503e,8,Blind Curve,,,,
503e,i,Vocal Under a Bloodlight,,,,
503e,ii,Passing Strangers,,,,
503e,iii,Mylo,,,,
503e,iv,Perimeter Walk,,,,
503e,v,Threshold,,,,
503e,9,Childhoods End?,,,,
503e,10,White Feather,,,,
503e,11,Bonus Disc on 1998 EMI & Sanctuary remasters,,,,
503e,1,"Lady Nina (extended 12"" version)",,,,
503e,2,Freaks (single version),,,,
503e,3,Kayleigh (alternative mix),,,,
503e,4,Lavender Blue (Lavender remix),,,,
503e,5,Heart of Lothian (extended mix),,,,
503e,6,Pseudo Silk Kimono (demo *),,,,
503e,7,Kayleigh (demo *),,,,
503e,8,Lavender (demo *),,,,
503e,9,Bitter Suite (demo *),,,,
503e,i,Brief Encounter,,,,
503e,ii,Lost Weekend,,,,
503e,10,Lords of the Backstage (demo *),,,,
503e,11,Blue Angel (demo *),,,,
503e,12,Misplaced Rendez-Vous (demo *),,,,
503e,13,Heart of Lothian (demo *),,,,
503e,i,Wide Boy,,,,
503e,ii,Curtain Call,,,,
503e,14,Waterhole (Expresso Bongo) (demo *),,,,
503e,15,Passing Strangers (demo *),,,,
503e,i,Mylo,,,,
503e,ii,Perimeter Walk,,,,
503e,iii,Threshold,,,,
503e,16,Childhoods End? (demo *),,,,
503e,17,White Feather (demo *),,,,
503e,18,"* Misplaced Childhood album demos, recorded in February 1985 and previously unreleased.",,,,
533a,1,Proclamation,,,,
533a,2,So Sincere,,,,
533a,3,Aspirations,,,,
533a,4,Playing the Game,,,,
533a,5,Cogs in Cogs,,,,
533a,6,No God's a Man,,,,
533a,7,The Face,,,,
533a,8,Valedictory,,,,
533a,9,Proclamation (live) (4:54) *,,,,
533a,10,The Power and the Glory,,,,
533a,11,* Recorded ZDF German Television Concert 1974,,,,
53f2,1,The Undercover Man,,,,
53f2,2,Scorched Earth,,,,
53f2,3,Arrow,,,,
53f2,4,The Sleepwalkers,,,,
53f2,5,Forsaken Gardens (live) (12:23) *,,,,
53f2,6,A Louse Is Not a Home (live) (10:26) *,,,,
53f2,7,"* Live at L'Altro Mondo, Rimini (Italy) on 08/09/1975 - previously unreleased",,,,
557e,1,Roundabout,,,,
557e,2,"Cans and Brahms (extracts from Brahms' 4th Symphony in E Minor, Third Movement)",,,,
557e,3,We Have Heaven,,,,
557e,4,South Side of the Sky,,,,
557e,5,Five Percent for Nothing,,,,
557e,6,Long Distance Runaround,,,,
557e,7,The Fish (Schindleria Praematurus),,,,
557e,8,Mood for a Day,,,,
557e,9,Heart of the Sunrise,,,,
557e,10,America (10:33) �,,,,
557e,11,Roundabout (early rough mix) (8:35) *,,,,
557e,12,"� First issued on 1972 ""The New Age of Atlantic""",,,,
557e,13,* Previously unreleased,,,,
56e9,1,Quadrant 4,,,,
56e9,2,Searching For The Right Door / Spectrum,,,,
56e9,a,Searching For The Right Door,,,,
56e9,b,Spectrum,,,,
56e9,3,Anxiety / Taurian Matador,,,,
56e9,a,Anxiety,,,,
56e9,b,Taurian Matador,,,,
56e9,4,Stratus,,,,
56e9,5,To The Women In My Life / Le Lis,,,,
56e9,a,To The Women In My Life,,,,
56e9,b,Le Lis,,,,
56e9,6,Snoopy's Search / Red Baron,,,,
56e9,a,Snoopy's Search,,,,
56e9,b,Red Baron,,,,
586f,1,Peaches en Regalia,,,,
586f,2,Willie the Pimp,,,,
586f,3,Son of Mr. Green Genes,,,,
586f,4,Little Umbrellas,,,,
586f,5,The Gumbo Variations,,,,
586f,6,It Must Be a Camel,,,,
588a,1,I Remember Now,,,,
588a,2,Anarchy-X,,,,
588a,3,Revolution Calling,,,,
588a,4,Operation: Mindcrime,,,,
588a,5,Speak,,,,
588a,6,Spreading the Disease,,,,
588a,7,The Mission,,,,
588a,8,Suite Sister Mary,,,,
588a,9,The Needle Lies,,,,
588a,10,Electric Requiem,,,,
588a,11,Breaking the Silence,,,,
588a,12,I Don't Believe in Love,,,,
588a,13,Waiting for 22,,,,
588a,14,My Empty Room,,,,
588a,15,Eyes of a Stranger,,,,
588a,16,The Mission (live *),,,,
588a,17,My Empty Room (live $),,,,
5aa1,1,One of These Days,,,,
5aa1,2,A Pillow of Winds,,,,
5aa1,3,Fearless (6:08) *,,,,
5aa1,4,San Tropez,,,,
5aa1,5,Seamus,,,,
5aa1,6,Echoes,,,,
5aa1,7,"* includes an interpolation of Rodgers & Hammerstein's ""You'll Never Walk Alone""",,,,
6307,1,Delitae Musicae,,,,
6307,2,Harem Scarem,,,,
6307,3,La Cath�drale de Strasbourg,,,,
6307,4,Birth,,,,
6307,5,Hamburger Concerto,,,,
6307,i,Starter,,,,
6307,ii,Rare,,,,
6307,iii,Medium I,,,,
6307,iv,Medium II,,,,
6307,v,Well Done,,,,
6307,vi,One for the Road,,,,
6307,6,Early Birth,,,,
6354,1,"Vysok� Stolička, Dlh� Popol / High Chair, Long Ashes",,,,
6354,2,"Ej, Pad�, Pad� Rosenka / Dew Is Falling, Falling",,,,
6354,3,V Sobotu Popoludn� / On Saturday Afternoon,,,,
6354,4,Svitanie / Dawning,,,,
6354,5,Golem (1976 Supraphon),,,,
6366,1,Lemmings (including Cog),,,,
6366,2,Man-Erg,,,,
6366,3,A Plague of Lighthouse Keepers,,,,
6366,i,Eyewitness,,,,
6366,ii,Pictures / Lighthouse,,,,
6366,iii,Eyewitness,,,,
6366,iv,S.H.M.,,,,
6366,v,Presence of the Night,,,,
6366,vi,Kosmos Tours,,,,
6366,vii,(Custard's) Last Stand,,,,
6366,viii,The Clot Thickens,,,,
6366,xi,Land's End (Sineline),,,,
6366,x,We Go Now,,,,
6366,4,Note,,,,
6366,5,"The original US & Canada releases contained a fourth track between ""Lemmings"" and ""Man-Erg"".",,,,
6366,6,"""Theme One"" (2:55) was an arrangement of an old BBC Radio 1 theme composed by George Martin.",,,,
6366,4,Theme One (original mix) (3:15) #,,,,
6366,5,W (first version) (5:04) �,,,,
6366,6,Angle of Incidents (4:48) *,,,,
6366,7,Ponker's Theme (1:28) *,,,,
6366,8,Diminutions (6:00) *,,,,
6366,9,# A different mix from the version on the U.S. and Canadian LPs or the UK single,,,,
6366,10,� The February 1972 single used the second version,,,,
6366,11,* Originally intended to be part of the abandoned double disc initial project,,,,
63b1,1,Dancing with the Moonlit Knight,,,,
63b1,2,I Know What I Like (In Your Wardrobe),,,,
63b1,3,Firth of Fifth,,,,
63b1,4,More Fool Me,,,,
63b1,5,The Battle of Epping Forest,,,,
63b1,6,After the Ordeal,,,,
63b1,7,The Cinema Show,,,,
63b1,8,Aisle of Plenty,,,,
643a,1,Speak to Me,,,,
643a,2,Breathe,,,,
643a,3,On the Run,,,,
643a,4,Time / Breathe (reprise),,,,
643a,5,The Great Gig in the Sky,,,,
643a,6,Money,,,,
643a,7,Us and Them,,,,
643a,8,Any Colour You Like,,,,
643a,9,Brain Damage,,,,
643a,10,Eclipse,,,,
643a,11,N.B. Some releases combine tracks 1 & 2 and therefore show only 9 tracks,,,,
64fb,1,Modern,,,,
64fb,2,Wilhelmina,,,,
64fb,3,The Lie (Bernini's Saint Theresa),,,,
64fb,4,Forsaken Gardens,,,,
64fb,5,Red Shift,,,,
64fb,6,Rubicon,,,,
64fb,7,A Louse Is Not A Home,,,,
64fb,8,The Lie (Live) (6:31) #,,,,
64fb,9,Rubicon (5:02) *,,,,
64fb,10,Red Shift (5:51) *,,,,
64fb,11,"# Recorded  at the All Souls Unitarian Church, Kansas City, on 16 Feb. 1978",,,,
64fb,12,"* BBC session, Feb 1974",,,,
668d,1,Script for a Jester's Tear,,,,
668d,2,He Knows You Know,,,,
668d,3,The Web,,,,
668d,4,Garden Party,,,,
668d,5,Chelsea Monday,,,,
668d,6,Forgotten Sons,,,,
668d,1,Market Square Heroes (Battle Priest version),,,,
668d,2,Three Boats Down from the Candy (single),,,,
668d,3,Grendel (Fair Deal 1982 studio version),,,,
668d,4,Chelsea Monday (Manchester Square demo),,,,
668d,5,He Knows You Know (Manchester Square demo),,,,
668d,6,Charting the Single (single),,,,
668d,7,Market Square Heroes (alternative version),,,,
69a0,1,Birds of Fire,,,,
69a0,2,Miles Beyond (Miles Davis),,,,
69a0,3,Celestial Terrestrial Commuters,,,,
69a0,4,Sapphire Bullets of Pure Love,,,,
69a0,5,Thousand Island Park,,,,
69a0,6,Hope,,,,
69a0,7,One Word,,,,
69a0,8,Sanctuary,,,,
69a0,9,Open Country Joy,,,,
69a0,10,Resolution,,,,
6aa9,1,Mr. Softee,,,,
6aa9,2,The Szuite,,,,
6aa9,3,Between 7 & 11,,,,
6aa9,4,Transcendental Floss,,,,
6aa9,5,"New York City, 6 AM",,,,
6e0a,1,The Advent of Panurge,,,,
6e0a,2,Raconteur Troubadour,,,,
6e0a,3,A Cry for Everyone,,,,
6e0a,4,Knots,,,,
6e0a,5,The Boys in the Band,,,,
6e0a,6,Dog's Life,,,,
6e0a,7,Think of Me with Kindness,,,,
6e0a,8,River,,,,
6e0a,9,Excerpts from Octopus (live) (15:40) *,,,,
73d5,1,Just the Same,,,,
73d5,2,On Reflection,,,,
73d5,3,Free Hand,,,,
73d5,4,Time to Kill,,,,
73d5,5,His Last Voyage,,,,
73d5,6,Talybont,,,,
73d5,7,Mobile,,,,
73d5,8,Just the Same (live) (4:50) *,,,,
73d5,9,"* Recorded on July 3rd 1976 at Calderone Theater Hempstead, NY - previously unreleased",,,,
73d5,8,1976 Intro Tape (previously unreleased),,,,
73d5,9,Just the Same (BBC session John Peel),,,,
73d5,10,Free Hand (BBC session John Peel),,,,
73d5,11,On Reflection (BBC session John Peel),,,,
73d5,12,"Give It Back (international 7"" mix)",,,,
73d5,13,"I Lost My Head (7"" mix)",,,,
7514,1,UFO,,,,
7514,2,Smog Alado,,,,
7514,3,Miragem,,,,
7514,4,P�ssaro de Luz,,,,
7514,5,Ca�o,,,,
7514,6,�ltimo Entardecer,,,,
7514,7,Controv�rsia,,,,
7514,8,Depois do Fim,,,,
7514,9,Mirante das Estrelas,,,,
77cf,1,From Silence to Somewhere,,,,
77cf,Part,1: Humus - All That Becomes and Perishes,,,,
77cf,Part,"2: Corpus - That No One of Existing Things Doth Perish, but Men in Error Speak of Their Changes as Destructions and as Deaths",,,,
77cf,Epilogu,e,,,,
77cf,2,Rendered in Shades of Green,,,,
77cf,3,Fermented Hours,,,,
77cf,4,Foxlight,,,,
8253,1,Fear of a Blank Planet,,,,
8253,2,My Ashes,,,,
8253,3,Anesthetize,,,,
8253,4,Sentimental,,,,
8253,5,Way Out of Here,,,,
8253,6,Sleep Together,,,,
8541,1,Rope Ladder to the Moon,,,,
8541,2,Walking in the Park,,,,
8541,3,Skelington,,,,
8541,4,Tanglewood '63,,,,
8541,5,Stormy Monday,,,,
8541,6,Lost Angeles,,,,
8541,7,I Can't Live Without You,,,,
8562,1,Canto Nomade Per Un Prigioniero Politico,,,,
8562,2,Non Mi Rompete,,,,
8562,3,La Citt� Sottile,,,,
8562,4,Dopo... Niente � Pi� Lo Stesso,,,,
8562,5,Traccia II,,,,
86af,1,Cygnus X-1 Book II Hemispheres,,,,
86af,i,Prelude,,,,
86af,ii,Apollo / III Dionysus,,,,
86af,iv,Armageddon,,,,
86af,v,Cygnus,,,,
86af,vi,The Sphere,,,,
86af,2,Circumstances,,,,
86af,3,The Trees,,,,
86af,4,La Villa Strangiato,,,,
86af,Buenos,"Nochas, Mein Froinds!",,,,
86af,To,"Sleep, Perchance to Dream...",,,,
86af,Strangiato,Theme,,,,
86af,A,Lerxst in Wonderland,,,,
86af,Monsters,!,,,,
86af,The,Ghost of the Aragon,,,,
86af,Danforth,and Pape,,,,
86af,The,Waltz of the Shreves,,,,
86af,Never,Turn Your Back on a Monster,,,,
86af,Monsters,! (reprise),,,,
86af,Strangiato,Theme (reprise),,,,
86af,A,Farewell to Things,,,,
8776,1,The Great Marsh,,,,
8776,2,Rhayader,,,,
8776,3,Rhayader Goes to Town,,,,
8776,4,Sanctuary,,,,
8776,5,Fritha,,,,
8776,6,The Snow Goose,,,,
8776,7,Friendship,,,,
8776,8,Migration,,,,
8776,9,Rhayader Alone,,,,
8776,10,Flight of the Snow Goose,,,,
8776,11,Preparation,,,,
8776,12,Dunkirk,,,,
8776,13,Epitaph,,,,
8776,14,Fritha Alone,,,,
8776,15,La Princesse Perdue,,,,
8776,16,The Great Marsh,,,,
8776,17,Flight of the Snow Goose (single edit),,,,
8776,18,Rhayader (single edit),,,,
8776,19,Flight of the Snow Goose (alternate single edit) (2:49) *,,,,
8776,20,Rhayader Goes to Town (live) (5:07) * #,,,,
8776,21,The Snow Goose / Freefall (live) (11:01) * #,,,,
8776,22,* Previously unreleased,,,,
8776,23,"# Recorded at The Marquee Club, London 1974 Oct 30",,,,
8776,24,Bonus disc from Decca 2009 remaster,,,,
8776,Recorded,"live for BBC Radio One ""In Concert"" 1975 -",,,,
8776,1,Rhayader Goes to Town,,,,
8776,2,Sanctuary,,,,
8776,3,The Snow Goose,,,,
8776,4,Migration,,,,
8776,5,Rhayader Alone,,,,
8776,6,Flight of the Snow Goose,,,,
8776,7,Preparation,,,,
8776,8,Dunkirk,,,,
8776,9,Epitaph,,,,
8776,10,La Princesse Perdue,,,,
8776,11,The Great Marsh,,,,
8776,From,"BBC 2 ""The Old Grey Whistle Test"" 1975 -",,,,
8776,12,"Selections from ""The Snow Goose""",,,,
8776,13,a. The Snow Goose,,,,
8776,14,b. Friendship,,,,
8776,15,c. Rhayader Goes to Town,,,,
8dcb,1,Sospesi Nell'Incredibile,,,,
8dcb,2,Felona,,,,
8dcb,3,La Solitudine Di Chi Protegge Il Mondo,,,,
8dcb,4,L'Equilibrio,,,,
8dcb,5,Sorona,,,,
8dcb,6,Attesa Inerte,,,,
8dcb,7,Ritratto Di Un Mattino,,,,
8dcb,8,All'infuori Del Tempo,,,,
8dcb,9,9.Ritorno Al Nulla,,,,
94e9,1,The Runaway,,,,
94e9,2,An Inmate's Lullaby,,,,
94e9,3,Way of Life,,,,
94e9,4,Experience,,,,
94e9,5,A Reunion,,,,
94e9,6,In a Glass House (8:26) *,,,,
94e9,7,The Runaway / Experience (live at Philipshalle in Dusseldorf 9/23/76),,,,
94e9,8,In a Glass House (live at Munsterlandhalle in Munster 4/5/74),,,,
94e9,7,The Runaway / Experience (live at Philipshalle in Dusseldorf 9/23/76),,,,
94e9,8,"* concludes with a small musical collage identified (only on LPs) as ""Index"" including samples from each of the album's other songs",,,,
961b,1,Aristillus,,,,
961b,2,Song Within a Song,,,,
961b,3,Chord Change,,,,
961b,4,Spirit of the Water,,,,
961b,5,Another Night,,,,
961b,6,Air Born,,,,
961b,7,Lunar Sea,,,,
961b,8,Another Night (single version),,,,
961b,9,Spirit of the Water (demo) (2:13) *,,,,
961b,10,Song Within a Song (live) (7:11) * #,,,,
961b,11,Lunar Sea (live) (9:51) #,,,,
961b,12,Preparation / Dunkirk (live) (9:32) * #,,,,
961b,13,* Previously unreleased,,,,
961b,14,"# Recorded at Hammersmith Odeon, London - April 14, 1976",,,,
961b,15,"Bonus disc from 2009 remaster - The London Hammersmith Odeon Concert - April 14, 1976",,,,
961b,1,Song Within a Song,,,,
961b,2,Excerpts from the Snow Goose,,,,
961b,3,Air Born,,,,
961b,4,Chord Change,,,,
961b,5,The White Rider,,,,
961b,6,Preparation / Dunkirk,,,,
961b,7,Another Night,,,,
961b,8,Lady Fantasy,,,,
974c,1,Rubber Bullets,,,,
974c,2,Donna,,,,
974c,3,"Johnny, Don't Do It",,,,
974c,4,Sand in My Face,,,,
974c,5,Speed Kills,,,,
974c,6,The Dean and I,,,,
974c,7,Ships Don't Disappear in the Night,,,,
974c,8,The Hospital Song,,,,
974c,9,Fresh Air for My Mama,,,,
974c,10,Headline Hustler,,,,
974c,11,Hot Sun Rock,,,,
974c,12,4% of Something,,,,
974c,13,Rubber Bullets (Single version),,,,
974c,14,Waterfall,,,,
974c,15,Bee in My Bonnet,,,,
9b25,1,School,,,,
9b25,2,Bloody Well Right,,,,
9b25,3,Hide in Your Shell,,,,
9b25,4,Asylum,,,,
9b25,5,Dreamer,,,,
9b25,6,Rudy,,,,
9b25,7,If Everyone Was Listening,,,,
9b25,8,Crime of the Century,,,,
9b25,9,Bonus disc from 2014 A&M remaster,,,,
9b25,Live,at Hammersmith Odeon March 9th 1975,,,,
9b25,1,School,,,,
9b25,2,Bloody Well Right,,,,
9b25,3,Hide in Your Shell,,,,
9b25,4,Asylum,,,,
9b25,5,Sister Moonshine,,,,
9b25,6,Just a Normal Day,,,,
9b25,7,Another Man's Woman,,,,
9b25,8,Lady,,,,
9b25,9,A - You're Adorable,,,,
9b25,10,Dreamer,,,,
9b25,11,Rudy,,,,
9b25,12,If Everyone Was Listening,,,,
9b25,13,Crime of the Century,,,,
9ddd,1,Killer,,,,
9ddd,2,House With No Door,,,,
9ddd,3,The Emperor In His War-Room,,,,
9ddd,a,) The Emperor,,,,
9ddd,b,) The Room,,,,
9ddd,4,Lost,,,,
9ddd,a,) The Dance In Sand And Sea,,,,
9ddd,b,) The Dance In The Frost,,,,
9ddd,5,Pioneers Over C.,,,,
9ddd,6,Squid 1 / Squid 2 / Octopus,,,,
9ddd,7,The Emperor In His War-Room (first version),,,,
a02d,1,Thick as a Brick - Part 1,,,,
a02d,2,Thick as a Brick - Part 2,,,,
a02d,3,Thick as a Brick (live at Madison Square Garden 1978),,,,
a02d,4,"Interview with Ian Anderson, Martin Barre and Jeffrey Hammond",,,,
a125,1,Ur vilande,,,,
a125,2,Sorgmantel,,,,
a125,3,Sn�rdom,,,,
a125,4,L�ngtans klocka,,,,
a50e,1,By the Banks,,,,
a50e,2,Five Rooms,,,,
a50e,3,Naiad Dreams,,,,
a50e,4,Merry Macabre,,,,
aa1b,1,Eskaton,,,,
aa1b,2,Attente,,,,
aa1b,3,�coute,,,,
aa1b,4,Piti�,,,,
aa1b,5,Le cri,,,,
aa1b,5,Les chutes du Sanzu,,,,
aa1b,6,La horde,,,,
aa1b,7,La nuit,,,,
aa1b,8,Le gros d�lire,,,,
adc1,1,Silver Dagger,,,,
adc1,2,This Is My Song,,,,
adc1,3,Marlene,,,,
adc1,4,Strangers In The Dawn,,,,
adc1,5,I'm Leaving,,,,
adc1,6,Andromeda Rising,,,,
adc1,7,Sometimes I'm A Woman,,,,
adc1,8,Two Different Drummers,,,,
adc1,9,Giving All My Love,,,,
b27c,1,Jordr�k (Earth Smoke),,,,
b27c,2,Vandringar I Vilsenhet (Wanderings in Confusion),,,,
b27c,3,Ifr�n Klarhet Till Klarhet (From Clarity to Clarity),,,,
b27c,4,Kung Bore (King Winter),,,,
b27c,5,G�ngl�t Fr�n Knapptibble (Marching Tune from Knapptibble),,,,
b6ed,1,Lumpy Gravy Part One,,,,
b6ed,a,"The Way I See It, Barry",,,,
b6ed,b,Duodenum,,,,
b6ed,c,Oh No,,,,
b6ed,d,Bit of Nostalgia,,,,
b6ed,e,It's from Kansas,,,,
b6ed,f,Bored Out 90 Over,,,,
b6ed,g,Almost Chinese,,,,
b6ed,h,Switching Girls,,,,
b6ed,i,Oh No Again,,,,
b6ed,j,At the Gas Station,,,,
b6ed,k,Another Pickup,,,,
b6ed,l,I Don't Know If I Can Go Through This Again,,,,
b6ed,2,Lumpy Gravy Part Two,,,,
b6ed,a,Very Distraughtening,,,,
b6ed,b,White Ugliness,,,,
b6ed,c,Amen,,,,
b6ed,d,Just One More Time,,,,
b6ed,e,A Vicious Circle,,,,
b6ed,f,King Kong,,,,
b6ed,g,Drums Are Too Noisy,,,,
b6ed,h,Kangaroos,,,,
b6ed,i,Envelops the Bath Tub,,,,
b6ed,j,Take Your Clothes Off,,,,
b9d0,1,"Shine on You Crazy Diamond, Parts 1-5",,,,
b9d0,2,Welcome to the Machine,,,,
b9d0,3,Have a Cigar,,,,
b9d0,4,Wish You Were Here,,,,
b9d0,5,"Shine on You Crazy Diamond, Parts 6-9",,,,
bd5f,1,Pharaoh's Dance,,,,
bd5f,2,Bitches Brew (Listen To This),,,,
bd5f,3,Spanish Key,,,,
bd5f,4,John McLaughlin,,,,
bd5f,5,Miles Runs the Voodoo Down,,,,
bd5f,6,Sanctuary,,,,
bd5f,7,Feio,,,,
c192,1,Symbolic,,,,
c192,2,Zero Tolerance,,,,
c192,3,Empty Words,,,,
c192,4,Sacred Serenity,,,,
c192,5,"1, Eyes",,,,
c192,6,Without Judgement,,,,
c192,7,Crystal Mountain,,,,
c192,8,Misanthrope,,,,
c192,9,Perennial Quest,,,,
c192,10,Symbolic Acts (demo),,,,
c192,11,Zero Tolerance (demo),,,,
c192,12,Crystal Mountain (demo),,,,
c192,13,Misanthrope (demo),,,,
c192,14,Symbolic Acts (4-track demo),,,,
c1ca,1,The Bryden 2-Step (for Amphibians) Part 1,,,,
c1ca,2,The Collapso,,,,
c1ca,3,Squarer for Maud,,,,
c1ca,4,Dreams Wide Awake,,,,
c1ca,5,Binoculars,,,,
c1ca,6,Phl�kat�n,,,,
c1ca,7,The Bryden 2-Step (for Amphibians) Part 2,,,,
c563,1,"Larks' Tongues in Aspic, Part One",,,,
c563,2,Book of Saturday,,,,
c563,3,Exiles,,,,
c563,4,Easy Money,,,,
c563,5,The Talking Drum,,,,
c563,6,"Larks' Tongues in Aspic, Part Two",,,,
c68c,1,Of Two Beginnings,,,,
c68c,Chapter,1,,,,
c68c,2,Ending Theme,,,,
c68c,3,Fandango,,,,
c68c,4,A Trace of Blood,,,,
c68c,5,This Heart of Mine (I Pledge),,,,
c68c,Chapter,2,,,,
c68c,6,Undertow,,,,
c68c,7,Rope Ends,,,,
c68c,8,Chain Sling,,,,
c68c,9,Dryad of the Woods,,,,
c68c,Chapter,3,,,,
c68c,10,Remedy Lane,,,,
c68c,11,Waking Every God,,,,
c68c,12,Second Love,,,,
c68c,13,Beyond the Pale,,,,
c846,1,Thoughts for Naught,,,,
c846,2,A P.H.P.'s Advice,,,,
c846,3,Magick Mother Invocation,,,,
c846,4,Master Builder,,,,
c846,5,A Sprinkling of Clouds,,,,
c846,6,Perfect Mystery,,,,
c846,7,The Isle of Everywhere,,,,
c846,8,You Never Blow Your Trip Forever,,,,
c846,9,A PHP's Advice (alternate version),,,,
c8a1,1,Pantagruel's Nativity,,,,
c8a1,2,Edge of Twilight,,,,
c8a1,3,"The House, the Street, the Room",,,,
c8a1,4,Acquiring the Taste,,,,
c8a1,5,Wreck,,,,
c8a1,6,The Moon Is Down,,,,
c8a1,7,Black Cat,,,,
c8a1,8,Plain Truth,,,,
cd3f,1,Shhh/Peaceful,,,,
cd3f,a,Shhh,,,,
cd3f,b,Peaceful,,,,
cd3f,c,Shhh,,,,
cd3f,2,In A Silent Way/It's About That Time,,,,
cd3f,a,In A Silent Way,,,,
cd3f,b,It's About That Time,,,,
cd3f,c,In A Silent Way,,,,
ce62,1,Overture,,,,
ce62,2,The Trans-Love Express,,,,
ce62,3,Mirage,,,,
ce62,4,Enigmatic Ocean,,,,
ce62,5,Part I,,,,
ce62,6,Part II,,,,
ce62,7,Part III,,,,
ce62,8,Part IV,,,,
ce62,5,Nostalgic Lady,,,,
ce62,6,Struggle Of The Sea Turtle,,,,
ce62,7,Part I,,,,
ce62,8,Part II,,,,
ce62,9,Part III,,,,
cec9,1,Yours Is No Disgrace,,,,
cec9,2,Clap (live) (3:07) *,,,,
cec9,3,Starship Trooper,,,,
cec9,a,Life Seeker,,,,
cec9,b,Disillusion,,,,
cec9,c,W�rm,,,,
cec9,4,I've Seen All Good People,,,,
cec9,a,Your Move,,,,
cec9,b,All Good People,,,,
cec9,5,A Venture,,,,
cec9,6,Perpetual Change,,,,
cec9,7,"* Recorded Live at the Lyceum, London",,,,
cec9,7,Your Move (single version),,,,
cec9,8,Starship Trooper: Life Seeker (single version),,,,
cec9,9,Clap (studio version),,,,
cec9,1,"Yours Is No Disgrace (live, London 1971)",,,,
cec9,2,Clap (studio version),,,,
cec9,3,Starship Trooper: Life Seeker (single edit),,,,
cec9,4,"I've Seen All Good People (live, London 1971)",,,,
cec9,5,A Venture (extended mix),,,,
cec9,6,"Perpetual Change (live, New Haven 1971)",,,,
d018,1,Une nuit � Paris,,,,
d018,One,Night in Paris,,,,
d018,The,Same Night in Paris,,,,
d018,Later,the Same Night in Paris,,,,
d018,2,I'm Not in Love,,,,
d018,3,Blackmail,,,,
d018,4,The Second Sitting for the Last Supper,,,,
d018,5,Brand New Day,,,,
d018,6,Flying Junk,,,,
d018,7,Life Is a Minestrone,,,,
d018,8,The Film of My Love,,,,
d018,9,Channel Swimmer,,,,
d018,10,Good News,,,,
d61c,1,Dance on a Volcano,,,,
d61c,2,Entangled,,,,
d61c,3,Squonk,,,,
d61c,4,Mad Man Moon,,,,
d61c,5,"Robbery, Assault and Battery",,,,
d61c,6,Ripples,,,,
d61c,7,A Trick of the Tail,,,,
d61c,8,Los Endos,,,,
d61c,9,1-8. Full album in 5.1 Surround mix (Audio only),,,,
d61c,9,"Robbery, Assault and Battery (video clip)",,,,
d61c,10,Ripples... (video clip),,,,
d61c,11,A Trick of the Tail (video clip),,,,
d61c,12,Reissue Interviews 2007,,,,
d61c,13,I Know What I Like (In Your Wardrobe),,,,
d61c,14,Fly on a Windshield,,,,
d61c,15,Carpet Crawlers,,,,
d61c,16,The Cinema Show,,,,
d61c,17,Entangled,,,,
d61c,18,Supper's Ready,,,,
d61c,19,Los Endos,,,,
d61c,20,'White Rocks' Premiere Programme 1977 (stills gallery),,,,
d708,1,The Musical Box,,,,
d708,2,For Absent Friends,,,,
d708,3,The Return of the Giant Hogweed,,,,
d708,4,Seven Stones,,,,
d708,5,Harold the Barrel,,,,
d708,6,Harlequin,,,,
d708,7,The Fountain of Salmacis,,,,
d889,1,L'Evoluzione,,,,
d889,2,La Conquista Della Posizione Eretta,,,,
d889,3,Danza Dei Grandi Rettili,,,,
d889,4,Cento Mani E Cento Occhi,,,,
d889,5,"750,000 Anni Fa ... L'Amore?",,,,
d889,6,Miserere Alla Storia,,,,
d889,7,Ed Ora Io Domando Tempo Al Tempo Ed Egli Mi Risponde ... Non Ne Ho!,,,,
dfe8,1,Red,,,,
dfe8,2,Fallen Angel,,,,
dfe8,3,One More Red Nightmare,,,,
dfe8,4,Providence (8:10) *,,,,
dfe8,5,Starless,,,,
dfe8,6,"* Instrumental improv recorded at Palace Theatre, Providence, Rhode Island, US, June 30, 1974",,,,
dfe8,6,Red (Pre-overdub trio version),,,,
dfe8,7,Fallen Angel (Instrumental - Pre-overdub trio version),,,,
dfe8,8,Providence (Unedited Live version taken from 'The Great Deceiver'),,,,
dfe8,9,Bonus DVD-Video from 2009 remastered/remixed Anniv. edition,,,,
dfe8,10,DVD1 - DVD5 Original album new mix  in Stereo Hi Res,,,,
dfe8,Bonus,tracks in Stereo Hi Res -,,,,
dfe8,11,DVD6 	Red (Pre-overdub trio version),,,,
dfe8,12,DVD7 	Fallen Angel (Instrumental - Pre-overdub trio version),,,,
dfe8,13,DVD8 	Providence (Unedited Live version taken from 'The Great Deceiver'),,,,
dfe8,14,DVD9 	A Voyage To The Centre Of The Cosmos (Improv taken from The Great Deceiver),,,,
dfe8,15,DVD10-DVD14 Original album new Hi Res 5.1 Surround mix,,,,
dfe8,Bonus,Tracks in Hi Res 5.1 Surround mix -,,,,
dfe8,16,DVD15  	Fallen Angel (Instrumental - Pre-overdub trio version),,,,
dfe8,17,DVD16 	Providence (Unedited Live version taken from 'The Great Deceiver'),,,,
dfe8,18,DVD17 	A Voyage To The Centre Of The Cosmos (Improv taken from The Great Deceiver),,,,
dfe8,Video,content (Mono Audio) -,,,,
dfe8,19,Video 1 	Lark's Tongues In Aspic: Part II,,,,
dfe8,20,Video 2 	The Night Watch,,,,
dfe8,21,Video 3 	Lament,,,,
dfe8,22,Video 4 	Starless,,,,
dfe8,23,1.6 	Providence (Unedited Live version taken from 'The Great Deceiver'),,,,
dfe8,24,"1.7 	Starless (Live, recorded at Casino Arena, Asbury Park, June 26, 1974)",,,,
dfe8,25,2.1 - 2.5  New Stereo Mix by Fripp & Steven Wilson,,,,
dfe8,Bonus,Tracks -,,,,
dfe8,26,2.6 	Red (Pre-overdub trio version),,,,
dfe8,27,2.7 	Fallen Angel  (Instrumental - Pre-overdub trio version),,,,
e0f7,1,Blackest Eyes,,,,
e0f7,2,Trains,,,,
e0f7,3,Lips of Ashes,,,,
e0f7,4,The Sound of Muzak,,,,
e0f7,5,Gravity Eyelids,,,,
e0f7,6,Wedding Nails,,,,
e0f7,7,Prodigal,,,,
e0f7,8,.3,,,,
e0f7,9,The Creator Has a Mastertape,,,,
e0f7,10,Heartattack in a Layby,,,,
e0f7,11,Strip the Soul,,,,
e0f7,12,Collapse the Light into Earth,,,,
e0f7,13,Bonus video on CD-ROM section for PC / MAC,,,,
e0f7,1,Strip The Soul,,,,
e0f7,1,Drown with Me (5:23) *,,,,
e0f7,2,Chloroform (7:16) *,,,,
e0f7,3,Strip the Soul (video edit),,,,
e0f7,4,* Recorded during album sessions,,,,
e3e5,1,Ace of Wands,,,,
e3e5,2,"Hands of the Priestess, Part I",,,,
e3e5,3,A Tower Struck Down,,,,
e3e5,4,"Hands of the Priestess, Part II",,,,
e3e5,5,The Hermit,,,,
e3e5,6,Star of Sirius,,,,
e3e5,7,The Lovers,,,,
e3e5,8,Shadow of the Hierophant,,,,
e3e5,9,Ace of Wands (live) (5:25) *,,,,
e3e5,10,Shadow of the Hierophant (extended playout version),,,,
e641,1,Ommadawn Part 1,,,,
e641,2,"Ommadawn Part 2 (incl. ""On Horseback"")",,,,
e641,3,In Dulce Jubilo,,,,
e641,3,In Dulce Jubilo,,,,
e641,4,First Excursion,,,,
e641,5,Argiers,,,,
e641,6,Portsmouth,,,,
e641,1,- 2. Original 1975 Stereo mix,,,,
e641,3,"Ommadawn (Lost 1975 demo, previously unreleased)",,,,
e641,1,"- 2. Ommadawn 2010 Surround mix, 448 Kbps lossy Dolby Digital 5.1",,,,
e641,Original,Promotional Videos -,,,,
e641,3,In Dulce Jubilo,,,,
e641,4,Portsmouth,,,,
e6f7,1,Medieval Overture,,,,
e6f7,2,Sorceress,,,,
e6f7,3,The Romantic Warrior,,,,
e6f7,4,Majestic Dance,,,,
e6f7,5,The Magician,,,,
e6f7,6,Duel of the Jester and the Tyrant,,,,
ebbb,1,Close to the Edge,,,,
ebbb,i,The Solid Time of Change,,,,
ebbb,ii,Total Mass Retain,,,,
ebbb,iii,I Get Up I Get Down,,,,
ebbb,iv,Seasons of Man,,,,
ebbb,2,And You and I,,,,
ebbb,i,Cord of Life,,,,
ebbb,ii,Eclipse,,,,
ebbb,iii,"The Preacher, the Teacher",,,,
ebbb,iv,Apocalypse,,,,
ebbb,3,Siberian Khatru,,,,
ebbb,4,America (single version),,,,
ebbb,5,Total Mass Retain (single version),,,,
ebbb,6,And You and I (alternative version) (10:17) *,,,,
ebbb,7,"Siberia (studio run-through of ""Siberian Khatru"") (9:19) *",,,,
ebbb,8,* Previously unreleased,,,,
ed51,1,Flight Over Rio,,,,
ed51,2,Midnight Tango,,,,
ed51,3,Mediterranean Sundance,,,,
ed51,4,Race With Devil On Spanish Highway,,,,
ed51,5,"Lady Of Rome, Sister Of Brazil",,,,
ed51,6,Elegant Gypsy Suite,,,,
ee53,1,Pull Me Under,,,,
ee53,2,Another Day,,,,
ee53,3,Take the Time,,,,
ee53,4,Surrounded,,,,
ee53,5,"Metropolis - Part I ""The Miracle and the Sleeper""",,,,
ee53,6,Under a Glass Moon,,,,
ee53,7,Wait for Sleep,,,,
ee53,8,Learning to Live,,,,
ef2d,1,The Marriage of Figaro: Overture,,,,
ef2d,2,Eine Kleine Nachtmusik: Rondo,,,,
ef2d,3,"The Marriage of Figaro: Non So Piu, Cosa...",,,,
ef2d,4,Symphony No. 34: Last Movement,,,,
ef2d,5,"Symphony No. 35 (""Hafner""): Andante",,,,
ef2d,6,The Magic Flute: Overture,,,,
ef2d,7,Eine Kleine Nachtmusik: Romanza,,,,
ef2d,8,Horn Concerto No. 4 in E Flat: Rondo,,,,
ef2d,9,Don Giovanni: La Ci Darem la Mano,,,,
ef2d,10,A Musical Joke: Presto,,,,
ef2d,11,"Come, Sweet May",,,,
ef2d,12,Alla Turka: Rondo,,,,
f180,1,21st Century Schizoid Man,,,,
f180,a,Mirrors,,,,
f180,2,I Talk to the Wind,,,,
f180,3,Epitaph,,,,
f180,a,March for No Reason,,,,
f180,b,Tomorrow and Tomorrow,,,,
f180,4,Moonchild,,,,
f180,a,The Dream,,,,
f180,b,The Illusion,,,,
f180,5,The Court of the Crimson King,,,,
f180,a,The Return of the Fire Witch,,,,
f180,b,The Dance of the Puppets,,,,
f180,6,"2LP 2019 Steven Wilson remix/remaster, 2nd Disc (alternative album)",,,,
f180,7,C1. 21st Century Schizoid Man (June 1969 take with 2019 overdubs),,,,
f180,8,C2. I Talk to the Wind (alternate 2019 mix),,,,
f180,9,"C3. Epitaph (alternate take, 2019 mix)",,,,
f180,10,"D1. Epitaph (vocals isolated/highlighted, 2019 mix)",,,,
f180,11,"D2. Moonchild (take 1, 2019 mix)",,,,
f180,12,"D3. The Court of the Crimson King (June 1969 take, 2019 mix)",,,,
f180,13,"D4. 21st Century Schizoid Man (trio version, 2019 mix)",,,,
f590,1,The Gates of Delirium,,,,
f590,2,Sound Chaser,,,,
f590,3,To Be Over,,,,
f590,4,Soon (single edit),,,,
f590,5,Sound Chaser (single edit),,,,
f590,6,The Gates of Delirium (studio run-through) (21:16) *,,,,
f590,7,* Previously unreleased,,,,
fcf0,1,From the Outside In,,,,
fcf0,2,The Road of Bones,,,,
fcf0,3,Without Walls,,,,
fcf0,4,Ocean,,,,
fcf0,5,Until the End,,,,
fcf0,6,Bonus disc on Box Set & Limited edition,,,,
fcf0,1,Knucklehead,,,,
fcf0,2,1312 Overture,,,,
fcf0,3,Constellations,,,,
fcf0,4,Fall and Rise,,,,
fcf0,5,Ten Million Demons,,,,
fcf0,6,Hardcore,,,,
fcf0,7,"Bonus disc #2 on Box Set - ""The Road of Bonus""",,,,
fcf0,1,From the Outside In (first studio run-through),,,,
fcf0,2,The Road of Bones (first studio run-through),,,,
fcf0,3,Ocean (piano/vocal version),,,,
fcf0,4,The Slender Sky,,,,
fcf0,5,McDozenStrings,,,,
fcf0,6,Without Walls (live medley),,,,
fcf0,7,From the Outside In (live),,,,
ff06,1,Introduzione,,,,
ff06,2,Impressioni di Settembre,,,,
ff06,3,E' Festa,,,,
ff06,4,Dove... Quando... (Parte I),,,,
ff06,5,Dove... Quando... (Parte II),,,,
ff06,6,La Carrozza di Hans,,,,
ff06,7,Grazie Davvero,,,,
ffdb,1,The Spirit of Radio,,,,
ffdb,2,Freewill,,,,
ffdb,3,Jacob's Ladder,,,,
ffdb,4,Entre Nous,,,,
ffdb,5,Different Strings,,,,
ffdb,6,Natural Science,,,,
ffdb,i,Tide Pools,,,,
ffdb,ii,Hyperspace,,,,
ffdb,iii,Permanent Waves,,,,
